Sample in Buffer,Sample in Window,TRIGGER,pc_o[31:0],stall_i,x_reg[10],x_reg[11],x_reg[14],x_reg[15]
Radix - UNSIGNED,UNSIGNED,UNSIGNED,HEX,HEX,HEX,HEX,HEX,HEX
0,0,0,000000bc,0,0000000a,0,c0000008,8
1,1,0,000000c0,0,0000000a,0,c0000008,8
2,2,0,000000c0,1,0000000a,0,c0000008,8
3,3,0,000000c0,0,0000000a,0,c0000008,8
4,4,0,000000c4,0,0000000a,0,c0000008,8
5,5,0,000000bc,0,0000000a,0,c0000008,8
6,6,0,000000c0,0,0000000a,0,c0000008,8
7,7,0,000000c0,1,0000000a,0,c0000008,8
8,8,0,000000c0,0,0000000a,0,c0000008,8
9,9,0,000000c4,0,0000000a,0,c0000008,8
10,10,0,000000bc,0,0000000a,0,c0000008,8
11,11,0,000000c0,0,0000000a,0,c0000008,8
12,12,0,000000c0,1,0000000a,0,c0000008,8
13,13,0,000000c0,0,0000000a,0,c0000008,8
14,14,0,000000c4,0,0000000a,0,c0000008,8
15,15,0,000000bc,0,0000000a,0,c0000008,8
16,16,0,000000c0,0,0000000a,0,c0000008,8
17,17,0,000000c0,1,0000000a,0,c0000008,8
18,18,0,000000c0,0,0000000a,0,c0000008,8
19,19,0,000000c4,0,0000000a,0,c0000008,8
20,20,0,000000bc,0,0000000a,0,c0000008,8
21,21,0,000000c0,0,0000000a,0,c0000008,8
22,22,0,000000c0,1,0000000a,0,c0000008,8
23,23,0,000000c0,0,0000000a,0,c0000008,8
24,24,0,000000c4,0,0000000a,0,c0000008,8
25,25,0,000000bc,0,0000000a,0,c0000008,8
26,26,0,000000c0,0,0000000a,0,c0000008,8
27,27,0,000000c0,1,0000000a,0,c0000008,8
28,28,0,000000c0,0,0000000a,0,c0000008,8
29,29,0,000000c4,0,0000000a,0,c0000008,8
30,30,0,000000bc,0,0000000a,0,c0000008,8
31,31,0,000000c0,0,0000000a,0,c0000008,8
32,32,0,000000c0,1,0000000a,0,c0000008,8
33,33,0,000000c0,0,0000000a,0,c0000008,8
34,34,0,000000c4,0,0000000a,0,c0000008,8
35,35,0,000000bc,0,0000000a,0,c0000008,8
36,36,0,000000c0,0,0000000a,0,c0000008,8
37,37,0,000000c0,1,0000000a,0,c0000008,8
38,38,0,000000c0,0,0000000a,0,c0000008,8
39,39,0,000000c4,0,0000000a,0,c0000008,8
40,40,0,000000bc,0,0000000a,0,c0000008,8
41,41,0,000000c0,0,0000000a,0,c0000008,8
42,42,0,000000c0,1,0000000a,0,c0000008,8
43,43,0,000000c0,0,0000000a,0,c0000008,8
44,44,0,000000c4,0,0000000a,0,c0000008,8
45,45,0,000000bc,0,0000000a,0,c0000008,8
46,46,0,000000c0,0,0000000a,0,c0000008,8
47,47,0,000000c0,1,0000000a,0,c0000008,8
48,48,0,000000c0,0,0000000a,0,c0000008,8
49,49,0,000000c4,0,0000000a,0,c0000008,8
50,50,0,000000bc,0,0000000a,0,c0000008,8
51,51,0,000000c0,0,0000000a,0,c0000008,8
52,52,0,000000c0,1,0000000a,0,c0000008,8
53,53,0,000000c0,0,0000000a,0,c0000008,8
54,54,0,000000c4,0,0000000a,0,c0000008,8
55,55,0,000000bc,0,0000000a,0,c0000008,8
56,56,0,000000c0,0,0000000a,0,c0000008,8
57,57,0,000000c0,1,0000000a,0,c0000008,8
58,58,0,000000c0,0,0000000a,0,c0000008,8
59,59,0,000000c4,0,0000000a,0,c0000008,8
60,60,0,000000bc,0,0000000a,0,c0000008,8
61,61,0,000000c0,0,0000000a,0,c0000008,8
62,62,0,000000c0,1,0000000a,0,c0000008,8
63,63,0,000000c0,0,0000000a,0,c0000008,8
64,64,0,000000c4,0,0000000a,0,c0000008,8
65,65,0,000000bc,0,0000000a,0,c0000008,8
66,66,0,000000c0,0,0000000a,0,c0000008,8
67,67,0,000000c0,1,0000000a,0,c0000008,8
68,68,0,000000c0,0,0000000a,0,c0000008,8
69,69,0,000000c4,0,0000000a,0,c0000008,8
70,70,0,000000bc,0,0000000a,0,c0000008,8
71,71,0,000000c0,0,0000000a,0,c0000008,8
72,72,0,000000c0,1,0000000a,0,c0000008,8
73,73,0,000000c0,0,0000000a,0,c0000008,8
74,74,0,000000c4,0,0000000a,0,c0000008,8
75,75,0,000000bc,0,0000000a,0,c0000008,8
76,76,0,000000c0,0,0000000a,0,c0000008,8
77,77,0,000000c0,1,0000000a,0,c0000008,8
78,78,0,000000c0,0,0000000a,0,c0000008,8
79,79,0,000000c4,0,0000000a,0,c0000008,8
80,80,0,000000bc,0,0000000a,0,c0000008,8
81,81,0,000000c0,0,0000000a,0,c0000008,8
82,82,0,000000c0,1,0000000a,0,c0000008,8
83,83,0,000000c0,0,0000000a,0,c0000008,8
84,84,0,000000c4,0,0000000a,0,c0000008,8
85,85,0,000000bc,0,0000000a,0,c0000008,8
86,86,0,000000c0,0,0000000a,0,c0000008,8
87,87,0,000000c0,1,0000000a,0,c0000008,8
88,88,0,000000c0,0,0000000a,0,c0000008,8
89,89,0,000000c4,0,0000000a,0,c0000008,8
90,90,0,000000bc,0,0000000a,0,c0000008,8
91,91,0,000000c0,0,0000000a,0,c0000008,8
92,92,0,000000c0,1,0000000a,0,c0000008,8
93,93,0,000000c0,0,0000000a,0,c0000008,8
94,94,0,000000c4,0,0000000a,0,c0000008,8
95,95,0,000000bc,0,0000000a,0,c0000008,8
96,96,0,000000c0,0,0000000a,0,c0000008,8
97,97,0,000000c0,1,0000000a,0,c0000008,8
98,98,0,000000c0,0,0000000a,0,c0000008,8
99,99,0,000000c4,0,0000000a,0,c0000008,8
100,100,0,000000bc,0,0000000a,0,c0000008,8
101,101,0,000000c0,0,0000000a,0,c0000008,8
102,102,0,000000c0,1,0000000a,0,c0000008,8
103,103,0,000000c0,0,0000000a,0,c0000008,8
104,104,0,000000c4,0,0000000a,0,c0000008,8
105,105,0,000000bc,0,0000000a,0,c0000008,8
106,106,0,000000c0,0,0000000a,0,c0000008,8
107,107,0,000000c0,1,0000000a,0,c0000008,8
108,108,0,000000c0,0,0000000a,0,c0000008,8
109,109,0,000000c4,0,0000000a,0,c0000008,8
110,110,0,000000bc,0,0000000a,0,c0000008,8
111,111,0,000000c0,0,0000000a,0,c0000008,8
112,112,0,000000c0,1,0000000a,0,c0000008,8
113,113,0,000000c0,0,0000000a,0,c0000008,8
114,114,0,000000c4,0,0000000a,0,c0000008,8
115,115,0,000000bc,0,0000000a,0,c0000008,8
116,116,0,000000c0,0,0000000a,0,c0000008,8
117,117,0,000000c0,1,0000000a,0,c0000008,8
118,118,0,000000c0,0,0000000a,0,c0000008,8
119,119,0,000000c4,0,0000000a,0,c0000008,8
120,120,0,000000bc,0,0000000a,0,c0000008,8
121,121,0,000000c0,0,0000000a,0,c0000008,8
122,122,0,000000c0,1,0000000a,0,c0000008,8
123,123,0,000000c0,0,0000000a,0,c0000008,8
124,124,0,000000c4,0,0000000a,0,c0000008,8
125,125,0,000000bc,0,0000000a,0,c0000008,8
126,126,0,000000c0,0,0000000a,0,c0000008,8
127,127,0,000000c0,1,0000000a,0,c0000008,8
128,128,0,000000c0,0,0000000a,0,c0000008,8
129,129,0,000000c4,0,0000000a,0,c0000008,8
130,130,0,000000bc,0,0000000a,0,c0000008,8
131,131,0,000000c0,0,0000000a,0,c0000008,8
132,132,0,000000c0,1,0000000a,0,c0000008,8
133,133,0,000000c0,0,0000000a,0,c0000008,8
134,134,0,000000c4,0,0000000a,0,c0000008,8
135,135,0,000000bc,0,0000000a,0,c0000008,8
136,136,0,000000c0,0,0000000a,0,c0000008,8
137,137,0,000000c0,1,0000000a,0,c0000008,8
138,138,0,000000c0,0,0000000a,0,c0000008,8
139,139,0,000000c4,0,0000000a,0,c0000008,8
140,140,0,000000bc,0,0000000a,0,c0000008,8
141,141,0,000000c0,0,0000000a,0,c0000008,8
142,142,0,000000c0,1,0000000a,0,c0000008,8
143,143,0,000000c0,0,0000000a,0,c0000008,8
144,144,0,000000c4,0,0000000a,0,c0000008,8
145,145,0,000000bc,0,0000000a,0,c0000008,8
146,146,0,000000c0,0,0000000a,0,c0000008,8
147,147,0,000000c0,1,0000000a,0,c0000008,8
148,148,0,000000c0,0,0000000a,0,c0000008,8
149,149,0,000000c4,0,0000000a,0,c0000008,8
150,150,0,000000bc,0,0000000a,0,c0000008,8
151,151,0,000000c0,0,0000000a,0,c0000008,8
152,152,0,000000c0,1,0000000a,0,c0000008,8
153,153,0,000000c0,0,0000000a,0,c0000008,8
154,154,0,000000c4,0,0000000a,0,c0000008,8
155,155,0,000000bc,0,0000000a,0,c0000008,8
156,156,0,000000c0,0,0000000a,0,c0000008,8
157,157,0,000000c0,1,0000000a,0,c0000008,8
158,158,0,000000c0,0,0000000a,0,c0000008,8
159,159,0,000000c4,0,0000000a,0,c0000008,8
160,160,0,000000bc,0,0000000a,0,c0000008,8
161,161,0,000000c0,0,0000000a,0,c0000008,8
162,162,0,000000c0,1,0000000a,0,c0000008,8
163,163,0,000000c0,0,0000000a,0,c0000008,8
164,164,0,000000c4,0,0000000a,0,c0000008,8
165,165,0,000000bc,0,0000000a,0,c0000008,8
166,166,0,000000c0,0,0000000a,0,c0000008,8
167,167,0,000000c0,1,0000000a,0,c0000008,8
168,168,0,000000c0,0,0000000a,0,c0000008,8
169,169,0,000000c4,0,0000000a,0,c0000008,8
170,170,0,000000bc,0,0000000a,0,c0000008,8
171,171,0,000000c0,0,0000000a,0,c0000008,8
172,172,0,000000c0,1,0000000a,0,c0000008,8
173,173,0,000000c0,0,0000000a,0,c0000008,8
174,174,0,000000c4,0,0000000a,0,c0000008,8
175,175,0,000000bc,0,0000000a,0,c0000008,8
176,176,0,000000c0,0,0000000a,0,c0000008,8
177,177,0,000000c0,1,0000000a,0,c0000008,8
178,178,0,000000c0,0,0000000a,0,c0000008,8
179,179,0,000000c4,0,0000000a,0,c0000008,8
180,180,0,000000bc,0,0000000a,0,c0000008,8
181,181,0,000000c0,0,0000000a,0,c0000008,8
182,182,0,000000c0,1,0000000a,0,c0000008,8
183,183,0,000000c0,0,0000000a,0,c0000008,8
184,184,0,000000c4,0,0000000a,0,c0000008,8
185,185,0,000000bc,0,0000000a,0,c0000008,8
186,186,0,000000c0,0,0000000a,0,c0000008,8
187,187,0,000000c0,1,0000000a,0,c0000008,8
188,188,0,000000c0,0,0000000a,0,c0000008,8
189,189,0,000000c4,0,0000000a,0,c0000008,8
190,190,0,000000bc,0,0000000a,0,c0000008,8
191,191,0,000000c0,0,0000000a,0,c0000008,8
192,192,0,000000c0,1,0000000a,0,c0000008,8
193,193,0,000000c0,0,0000000a,0,c0000008,8
194,194,0,000000c4,0,0000000a,0,c0000008,8
195,195,0,000000bc,0,0000000a,0,c0000008,8
196,196,0,000000c0,0,0000000a,0,c0000008,8
197,197,0,000000c0,1,0000000a,0,c0000008,8
198,198,0,000000c0,0,0000000a,0,c0000008,8
199,199,0,000000c4,0,0000000a,0,c0000008,8
200,200,0,000000bc,0,0000000a,0,c0000008,8
201,201,0,000000c0,0,0000000a,0,c0000008,8
202,202,0,000000c0,1,0000000a,0,c0000008,8
203,203,0,000000c0,0,0000000a,0,c0000008,8
204,204,0,000000c4,0,0000000a,0,c0000008,8
205,205,0,000000bc,0,0000000a,0,c0000008,8
206,206,0,000000c0,0,0000000a,0,c0000008,8
207,207,0,000000c0,1,0000000a,0,c0000008,8
208,208,0,000000c0,0,0000000a,0,c0000008,8
209,209,0,000000c4,0,0000000a,0,c0000008,8
210,210,0,000000bc,0,0000000a,0,c0000008,8
211,211,0,000000c0,0,0000000a,0,c0000008,8
212,212,0,000000c0,1,0000000a,0,c0000008,8
213,213,0,000000c0,0,0000000a,0,c0000008,8
214,214,0,000000c4,0,0000000a,0,c0000008,8
215,215,0,000000bc,0,0000000a,0,c0000008,8
216,216,0,000000c0,0,0000000a,0,c0000008,8
217,217,0,000000c0,1,0000000a,0,c0000008,8
218,218,0,000000c0,0,0000000a,0,c0000008,8
219,219,0,000000c4,0,0000000a,0,c0000008,8
220,220,0,000000bc,0,0000000a,0,c0000008,8
221,221,0,000000c0,0,0000000a,0,c0000008,8
222,222,0,000000c0,1,0000000a,0,c0000008,8
223,223,0,000000c0,0,0000000a,0,c0000008,8
224,224,0,000000c4,0,0000000a,0,c0000008,8
225,225,0,000000bc,0,0000000a,0,c0000008,8
226,226,0,000000c0,0,0000000a,0,c0000008,8
227,227,0,000000c0,1,0000000a,0,c0000008,8
228,228,0,000000c0,0,0000000a,0,c0000008,8
229,229,0,000000c4,0,0000000a,0,c0000008,8
230,230,0,000000bc,0,0000000a,0,c0000008,8
231,231,0,000000c0,0,0000000a,0,c0000008,8
232,232,0,000000c0,1,0000000a,0,c0000008,8
233,233,0,000000c0,0,0000000a,0,c0000008,8
234,234,0,000000c4,0,0000000a,0,c0000008,8
235,235,0,000000bc,0,0000000a,0,c0000008,8
236,236,0,000000c0,0,0000000a,0,c0000008,8
237,237,0,000000c0,1,0000000a,0,c0000008,8
238,238,0,000000c0,0,0000000a,0,c0000008,8
239,239,0,000000c4,0,0000000a,0,c0000008,8
240,240,0,000000bc,0,0000000a,0,c0000008,8
241,241,0,000000c0,0,0000000a,0,c0000008,8
242,242,0,000000c0,1,0000000a,0,c0000008,8
243,243,0,000000c0,0,0000000a,0,c0000008,8
244,244,0,000000c4,0,0000000a,0,c0000008,8
245,245,0,000000bc,0,0000000a,0,c0000008,8
246,246,0,000000c0,0,0000000a,0,c0000008,8
247,247,0,000000c0,1,0000000a,0,c0000008,8
248,248,0,000000c0,0,0000000a,0,c0000008,8
249,249,0,000000c4,0,0000000a,0,c0000008,8
250,250,0,000000bc,0,0000000a,0,c0000008,8
251,251,0,000000c0,0,0000000a,0,c0000008,8
252,252,0,000000c0,1,0000000a,0,c0000008,8
253,253,0,000000c0,0,0000000a,0,c0000008,8
254,254,0,000000c4,0,0000000a,0,c0000008,8
255,255,0,000000bc,0,0000000a,0,c0000008,8
256,256,0,000000c0,0,0000000a,0,c0000008,8
257,257,0,000000c0,1,0000000a,0,c0000008,8
258,258,0,000000c0,0,0000000a,0,c0000008,8
259,259,0,000000c4,0,0000000a,0,c0000008,8
260,260,0,000000bc,0,0000000a,0,c0000008,8
261,261,0,000000c0,0,0000000a,0,c0000008,8
262,262,0,000000c0,1,0000000a,0,c0000008,8
263,263,0,000000c0,0,0000000a,0,c0000008,8
264,264,0,000000c4,0,0000000a,0,c0000008,8
265,265,0,000000bc,0,0000000a,0,c0000008,8
266,266,0,000000c0,0,0000000a,0,c0000008,8
267,267,0,000000c0,1,0000000a,0,c0000008,8
268,268,0,000000c0,0,0000000a,0,c0000008,8
269,269,0,000000c4,0,0000000a,0,c0000008,8
270,270,0,000000bc,0,0000000a,0,c0000008,8
271,271,0,000000c0,0,0000000a,0,c0000008,8
272,272,0,000000c0,1,0000000a,0,c0000008,8
273,273,0,000000c0,0,0000000a,0,c0000008,8
274,274,0,000000c4,0,0000000a,0,c0000008,8
275,275,0,000000bc,0,0000000a,0,c0000008,8
276,276,0,000000c0,0,0000000a,0,c0000008,8
277,277,0,000000c0,1,0000000a,0,c0000008,8
278,278,0,000000c0,0,0000000a,0,c0000008,8
279,279,0,000000c4,0,0000000a,0,c0000008,8
280,280,0,000000bc,0,0000000a,0,c0000008,8
281,281,0,000000c0,0,0000000a,0,c0000008,8
282,282,0,000000c0,1,0000000a,0,c0000008,8
283,283,0,000000c0,0,0000000a,0,c0000008,8
284,284,0,000000c4,0,0000000a,0,c0000008,8
285,285,0,000000bc,0,0000000a,0,c0000008,8
286,286,0,000000c0,0,0000000a,0,c0000008,8
287,287,0,000000c0,1,0000000a,0,c0000008,8
288,288,0,000000c0,0,0000000a,0,c0000008,8
289,289,0,000000c4,0,0000000a,0,c0000008,8
290,290,0,000000bc,0,0000000a,0,c0000008,0
291,291,0,000000c0,0,0000000a,0,c0000008,0
292,292,0,000000c8,0,0000000a,0,c0000008,0
293,293,0,000000cc,0,0000000a,0,c0000008,0
294,294,0,000000d0,0,0000000a,0,c0000008,0
295,295,0,000000d0,1,0000000a,0,c0000008,0
296,296,0,000000d0,0,0000000a,0,c0000008,1000
297,297,0,000000d4,0,0000000a,0,c0000008,1000
298,298,0,000000d8,1,0000000a,0,c0000008,c0000004
299,299,0,000000d8,0,0000000a,0,c0000008,c0000004
300,300,0,000000dc,0,0000000a,0,c0000008,c0000004
301,301,0,370,0,0000000a,0,c0000008,c0000004
302,302,0,000003a0,0,0000000a,0,c0000008,c0000004
303,303,0,000003a4,0,0000000a,0,c0000008,c0000004
304,304,0,314,0,0000000a,0,c0000008,c0000004
305,305,0,318,0,0000000a,0,c0000008,c0000004
306,306,0,318,1,0000000a,0,c0000008,c0000004
307,307,0,318,0,0000000a,0,c0000008,c0000004
308,308,0,0000034c,0,0000000a,0,c0000008,c0000004
309,309,0,0000036c,0,0,0,c0000008,c0000004
310,310,0,0000031c,0,0,0,c0000008,c0000004
311,311,0,320,0,0,0,c0000008,c0000004
312,312,0,324,1,0,0,c0000008,c0000004
313,313,0,324,0,0,0,c0000008,c0000004
314,314,0,328,1,0,0,c0000008,c0000004
315,315,0,328,0,0,0,c0000008,c0000004
316,316,0,0000032c,1,0,0,c0000008,c0000004
317,317,0,0000032c,0,0,0,c0000008,c0000004
318,318,0,330,1,0,0,c0000008,c0000004
319,319,0,330,0,0,0,c0000008,c0000004
320,320,0,334,1,0,0,c0000008,c0000004
321,321,0,334,0,0,0,c0000008,c0000004
322,322,0,338,1,0,0,c0000008,c0000004
323,323,0,338,0,0,0,c0000008,c0000004
324,324,0,0000033c,1,0,0,c0000008,c0000004
325,325,0,0000033c,0,0,0,c0000008,c0000004
326,326,0,340,1,0,0,c0000008,c0000004
327,327,0,340,0,0,0,c0000008,c0000004
328,328,0,344,1,0,0,c0000008,c0000004
329,329,0,344,0,0,0,c0000008,c0000004
330,330,0,348,1,0,0,c0000008,c0000004
331,331,0,348,0,0,0,c0000008,c0000004
332,332,0,0000034c,0,0,0,c0000008,c0000004
333,333,0,0000036c,0,0,0,c0000008,c0000004
334,334,0,000004ec,0,0,0,c0000008,c0000004
335,335,0,000004f0,0,0,0,c0000008,c0000004
336,336,0,000004f4,0,0,0,c0000008,c0000004
337,337,0,000004f4,1,0,0,c0000008,c0000004
338,338,0,000004f4,0,0,0,c0000008,c0000004
339,339,0,000004f8,0,0,0,c0000008,c0000004
340,340,0,000004fc,0,0,0,c0000008,c0000004
341,341,0,1000,0,0,0,c0000008,c0000004
342,342,0,1004,0,0,0,c0000008,c0000004
343,343,0,1008,0,0,0,c0000008,c0000004
344,344,0,0000100c,1,0,0,c0000008,c0000004
345,345,0,0000100c,0,0,0,c0000008,c0000004
346,346,0,1010,0,0,0,c0000008,c0000004
347,347,0,1014,1,0,0,c0000008,c0000004
348,348,0,1014,0,0,0,c0000008,c0000004
349,349,0,1018,0,0,0,c0000008,c0000004
350,350,0,0000101c,1,0,0,c0000008,c0000004
351,351,0,0000101c,0,0,0,c0000008,c0000004
352,352,0,1020,0,0,0,c0000008,c0000004
353,353,0,00004a34,0,0,0,c0000008,c0000004
354,354,0,00004a38,0,0,0,c0000008,c0000004
355,355,0,00004a3c,0,0,0,c0000008,c0000004
356,356,0,00004a40,0,0,0,c0000008,c0000004
357,357,0,00004a44,1,0,0,c0000008,c0000004
358,358,0,00004a44,0,30,0,c0000008,c0000004
359,359,0,00004a48,1,30,0,c0000008,c0000004
360,360,0,00004a48,0,30,0,c0000008,c0000004
361,361,0,00004a4c,1,30,0,c0000008,c0000004
362,362,0,00004a4c,0,30,0,c0000008,c0000004
363,363,0,00004a50,0,30,0,c0000008,c0000004
364,364,0,00004a54,1,30,0,c0000008,c0000004
365,365,0,00004a54,0,30,0,c0000008,c0000004
366,366,0,00004a58,1,30,0,c0000008,c0000004
367,367,0,00004a58,0,30,0,c0000008,c0000004
368,368,0,00004a5c,1,30,0,c0000008,c0000004
369,369,0,00004a5c,0,30,0,c0000008,c0000004
370,370,0,00004a60,1,30,0,c0000008,c0000004
371,371,0,00004a60,0,30,0,c0000008,c0000004
372,372,0,00004a64,1,30,0,c0000008,c0000004
373,373,0,00004a64,0,30,0,c0000008,c0000004
374,374,0,00004a68,1,30,0,c0000008,c0000004
375,375,0,00004a68,0,30,0,c0000008,c0000004
376,376,0,00004a6c,1,30,0,c0000008,c0000004
377,377,0,00004a6c,0,30,0,c0000008,c0000004
378,378,0,00004a70,1,30,0,c0000008,c0000004
379,379,0,00004a70,0,30,0,c0000008,c0000004
380,380,0,00004a74,1,30,0,c0000008,c0000004
381,381,0,00004a74,0,30,0,c0000008,c0000004
382,382,0,00004a78,1,30,0,c0000008,c0000004
383,383,0,00004a78,0,30,0,c0000008,c0000004
384,384,0,00004a7c,0,30,0,c0000008,c0000004
385,385,0,00001b70,0,30,0,c0000008,c0000004
386,386,0,00001b74,0,30,0,c0000008,c0000004
387,387,0,00001b78,0,30,0,c0000008,c0000004
388,388,0,00001b7c,0,30,0,c0000008,c0000004
389,389,0,00001b80,1,30,0,c0000008,c0000004
390,390,0,00001b80,0,30,0,7000,c0000004
391,391,0,00001b80,1,30,0,7000,c0000004
392,392,0,00001b80,0,30,0,7000,fffffff0
393,393,0,00001b84,0,30,0,7000,fffffff0
394,394,0,00001b88,0,30,fffffff0,7000,fffffff0
395,395,0,00001c20,0,30,fffffff0,7000,fffffff0
396,396,0,00001c24,0,30,fffffff0,7000,fffffff0
397,397,0,00001c28,0,30,fffffff0,7000,fffffff0
398,398,0,00001c2c,0,30,fffffff0,7000,fffffff0
399,399,0,00001c30,1,30,fffffff0,7000,5000
400,400,0,00001c30,0,30,fffffff0,7000,5000
401,401,0,00001c34,1,30,fffffff0,7000,5000
402,402,0,00001c34,0,30,fffffff0,7000,0000a000
403,403,0,00001c38,1,30,fffffff0,7000,0000a000
404,404,0,00001c38,0,30,5000,7000,0000a000
405,405,0,00001c3c,0,30,5000,7000,0000a000
406,406,0,00001c40,0,30,5000,7000,0000a000
407,407,0,00001c44,1,30,0000f000,7000,0000a000
408,408,0,00001c44,0,30,0000f000,7000,0000a000
409,409,0,00001c48,1,30,0000f000,7000,0000a000
410,410,0,00001c48,0,30,0000f000,7000,0000a000
411,411,0,00001c4c,0,30,0000f000,7000,0000a000
412,412,0,00001c50,0,30,0000f000,7000,0000a000
413,413,0,00001b8c,0,30,0000f000,7000,0000a000
414,414,0,00001b90,0,30,0000f000,7000,0000a000
415,415,0,00001b90,1,30,0000f000,7000,0000a000
416,416,0,00001b90,0,30,0000f000,7000,0000a000
417,417,0,00001b94,0,30,0000f000,7000,0000a000
418,418,0,00001b98,0,30,0000f000,0000f000,0000a000
419,419,0,00001b9c,0,30,0000f000,0000f000,0000a000
420,420,0,00001ba0,0,30,0000f000,0000f000,0000a000
421,421,0,00001ba4,0,30,0000f000,0000f000,0000a000
422,422,0,00001bdc,0,30,0000f000,0000f000,0000a000
423,423,0,00001be0,0,30,0000f000,0000f000,0000a000
424,424,0,00001be4,0,30,0000f000,0000f000,0000a000
425,425,0,00001be8,0,30,0000f000,0000f000,0000a000
426,426,0,00001bec,0,30,0000f000,0000f000,0000a000
427,427,0,00001bf0,0,30,0000f000,0000f000,0000a000
428,428,0,00001bf4,0,30,0000a004,0000f000,0000a000
429,429,0,00001bf8,0,30,0000a004,0000f000,0000a000
430,430,0,00001bfc,0,30,0000a004,0000f000,0000a000
431,431,0,00001c00,0,30,0000a004,0000f000,0000a000
432,432,0,00001c04,1,30,0000a004,0000f000,0000a000
433,433,0,00001c04,0,30,0000a004,0000f000,0000a000
434,434,0,00001c08,0,30,0000a004,0000f000,0000a000
435,435,0,00001c0c,1,30,0000a004,0000f000,0000a000
436,436,0,00001c0c,0,30,0000a004,0000f000,0000a000
437,437,0,00001c10,0,30,0000a004,0000f000,0000a000
438,438,0,00001c14,1,30,0000a004,0000f000,0000a000
439,439,0,00001c14,0,30,0000a004,0000a035,0000a000
440,440,0,00001c18,0,30,0000a004,0000a035,0000a000
441,441,0,00001c1c,0,30,0000a004,0000a035,0000a000
442,442,0,00001c20,0,30,0000a004,0000a035,fffffffc
443,443,0,00001c24,0,30,0000a004,0000a035,fffffffc
444,444,0,00004a78,0,0000a004,0000a004,0000a035,fffffffc
445,445,0,00004a7c,0,0000a004,0000a004,0000a035,fffffffc
446,446,0,00004a80,1,0000a004,0000a004,0000a035,fffffffc
447,447,0,00004a80,0,0000a004,0000a004,0000a035,fffffffc
448,448,0,00004a84,0,0000a004,0000a004,0000a035,fffffffc
449,449,0,00004a88,0,0000a004,0000a004,0000a035,fffffffc
450,450,0,00001b70,0,30,0000a004,0000a035,fffffffc
451,451,0,00001b74,0,30,0000a004,0000a035,fffffffc
452,452,0,00001b78,0,30,0000a004,0000a035,fffffffc
453,453,0,00001b7c,0,30,0000a004,0000a035,fffffffc
454,454,0,00001b80,1,30,0000a004,0000a035,fffffffc
455,455,0,00001b80,0,30,0000a004,7000,fffffffc
456,456,0,00001b80,1,30,0000a004,7000,fffffffc
457,457,0,00001b80,0,30,0000a004,7000,0000a034
458,458,0,00001c20,0,30,0000a004,7000,0000a034
459,459,0,00001c24,0,30,0000f000,7000,0000a034
460,460,0,00001b84,0,30,0000f000,7000,0000a034
461,461,0,00001b88,0,30,0000f000,7000,0000a034
462,462,0,00001b8c,0,30,0000f000,7000,0000a034
463,463,0,00001b90,0,30,0000f000,7000,0000a034
464,464,0,00001b90,1,30,0000f000,7000,0000a034
465,465,0,00001b90,0,30,0000f000,7000,0000a034
466,466,0,00001b94,0,30,0000f000,7000,0000a034
467,467,0,00001b98,0,30,0000f000,0000f000,0000a034
468,468,0,00001b9c,0,30,0000f000,0000f000,0000a034
469,469,0,00001bdc,0,30,0000f000,0000f000,0000a034
470,470,0,00001be0,0,30,0000f000,0000f000,0000a034
471,471,0,00001be4,0,30,0000f000,0000f000,0000a034
472,472,0,00001be8,0,30,0000f000,0000f000,0000a034
473,473,0,00001bec,0,30,0000f000,0000f000,0000a034
474,474,0,00001bf0,0,30,0000f000,0000f000,0000a034
475,475,0,00001bf4,0,30,0000a038,0000f000,0000a034
476,476,0,00001bf8,0,30,0000a038,0000f000,0000a034
477,477,0,00001bfc,0,30,0000a038,0000f000,0000a034
478,478,0,00001c00,0,30,0000a038,0000f000,0000a034
479,479,0,00001c04,1,30,0000a038,0000f000,0000a034
480,480,0,00001c04,0,30,0000a038,0000f000,0000a034
481,481,0,00001c08,0,30,0000a038,0000f000,0000a034
482,482,0,00001c0c,1,30,0000a038,0000f000,0000a034
483,483,0,00001c0c,0,30,0000a038,0000f000,0000a034
484,484,0,00001c10,0,30,0000a038,0000f000,0000a034
485,485,0,00001c14,1,30,0000a038,0000f000,0000a034
486,486,0,00001c14,0,30,0000a038,0000a069,0000a034
487,487,0,00001c18,0,30,0000a038,0000a069,0000a034
488,488,0,00001c1c,0,30,0000a038,0000a069,0000a034
489,489,0,00001c20,0,30,0000a038,0000a069,fffffffc
490,490,0,00001c24,0,30,0000a038,0000a069,fffffffc
491,491,0,00004a84,0,0000a038,0000a038,0000a069,fffffffc
492,492,0,00004a88,0,0000a038,0000a038,0000a069,fffffffc
493,493,0,00004a8c,1,0000a038,0000a038,0000a069,fffffffc
494,494,0,00004a8c,0,0000a038,0000a038,0000a069,fffffffc
495,495,0,00004a90,0,0000a038,0000a038,0000a069,fffffffc
496,496,0,00004a94,1,0000a038,0000a038,0000a069,0000a004
497,497,0,00004a94,0,0000a038,0000a038,0000a069,0000a004
498,498,0,00004a98,1,0000a038,0000a038,0000a069,0000a004
499,499,0,00004a98,0,0000a038,0000a038,0000a069,0000a004
500,500,0,00004a9c,0,0000a038,0000a038,0000a069,0000a004
501,501,0,00004aa0,1,0000a038,0000a038,0000a069,0000a004
502,502,0,00004aa0,0,0000a038,0000a038,0000a069,2
503,503,0,00004aa4,0,0000a038,0000a038,0000a069,2
504,504,0,00004aa8,0,0000a038,0000a038,0000a069,2
505,505,0,00004aac,1,0000a038,6000,0000a069,2
506,506,0,00004aac,0,0000a038,6000,0000a069,28
507,507,0,00004ab0,0,0000a038,6000,0000a069,28
508,508,0,00004ab4,1,0000a038,6000,0000a069,28
509,509,0,00004ab4,0,0000a038,6000,0000a069,28
510,510,0,00004ab8,0,0000a038,6000,0000a069,28
511,511,0,00004abc,0,0000a038,6000,0000a069,28
512,512,1,00001e98,0,0000a048,6000,0000a069,28
513,513,0,00001e9c,0,0000a048,6000,0000a069,28
514,514,0,00001ea0,1,0000a048,6000,0000a069,28
515,515,0,00001ea0,0,0000a048,6000,0000a069,28
516,516,0,00001ea4,0,0000a048,6000,0000a069,28
517,517,0,00001ea8,0,0000a048,6000,0000a069,44
518,518,0,00001eac,0,0000a048,6000,0000a048,44
519,519,0,00001eb0,0,0000a048,6000,0000a048,44
520,520,0,00001eb4,1,0000a048,6000,0000a049,44
521,521,0,00001eb4,0,0000a048,6001,0000a049,44
522,522,0,00001eb4,1,0000a048,6001,0000a049,44
523,523,0,00001eb4,0,0000a048,6001,0000a049,44
524,524,0,00001eb8,0,0000a048,6001,0000a049,44
525,525,0,00001ebc,0,0000a048,6001,0000a049,48
526,526,0,00001ea4,0,0000a048,6001,0000a049,48
527,527,0,00001ea8,0,0000a048,6001,0000a049,48
528,528,0,00001eac,0,0000a048,6001,0000a049,48
529,529,0,00001eb0,0,0000a048,6001,0000a049,48
530,530,0,00001eb4,1,0000a048,6001,0000a04a,48
531,531,0,00001eb4,0,0000a048,6002,0000a04a,48
532,532,0,00001eb4,1,0000a048,6002,0000a04a,48
533,533,0,00001eb4,0,0000a048,6002,0000a04a,48
534,534,0,00001ea4,0,0000a048,6002,0000a04a,48
535,535,0,00001ea8,0,0000a048,6002,0000a04a,52
536,536,0,00001eac,0,0000a048,6002,0000a04a,52
537,537,0,00001eb0,0,0000a048,6002,0000a04a,52
538,538,0,00001eb4,1,0000a048,6002,0000a04b,52
539,539,0,00001eb4,0,0000a048,6003,0000a04b,52
540,540,0,00001eb4,1,0000a048,6003,0000a04b,52
541,541,0,00001eb4,0,0000a048,6003,0000a04b,52
542,542,0,00001ea4,0,0000a048,6003,0000a04b,52
543,543,0,00001ea8,0,0000a048,6003,0000a04b,59
544,544,0,00001eac,0,0000a048,6003,0000a04b,59
545,545,0,00001eb0,0,0000a048,6003,0000a04b,59
546,546,0,00001eb4,1,0000a048,6003,0000a04c,59
547,547,0,00001eb4,0,0000a048,6004,0000a04c,59
548,548,0,00001eb4,1,0000a048,6004,0000a04c,59
549,549,0,00001eb4,0,0000a048,6004,0000a04c,59
550,550,0,00001ea4,0,0000a048,6004,0000a04c,59
551,551,0,00001ea8,0,0000a048,6004,0000a04c,53
552,552,0,00001eac,0,0000a048,6004,0000a04c,53
553,553,0,00001eb0,0,0000a048,6004,0000a04c,53
554,554,0,00001eb4,1,0000a048,6004,0000a04d,53
555,555,0,00001eb4,0,0000a048,6005,0000a04d,53
556,556,0,00001eb4,1,0000a048,6005,0000a04d,53
557,557,0,00001eb4,0,0000a048,6005,0000a04d,53
558,558,0,00001ea4,0,0000a048,6005,0000a04d,53
559,559,0,00001ea8,0,0000a048,6005,0000a04d,54
560,560,0,00001eac,0,0000a048,6005,0000a04d,54
561,561,0,00001eb0,0,0000a048,6005,0000a04d,54
562,562,0,00001eb4,1,0000a048,6005,0000a04e,54
563,563,0,00001eb4,0,0000a048,6006,0000a04e,54
564,564,0,00001eb4,1,0000a048,6006,0000a04e,54
565,565,0,00001eb4,0,0000a048,6006,0000a04e,54
566,566,0,00001ea4,0,0000a048,6006,0000a04e,54
567,567,0,00001ea8,0,0000a048,6006,0000a04e,0000004f
568,568,0,00001eac,0,0000a048,6006,0000a04e,0000004f
569,569,0,00001eb0,0,0000a048,6006,0000a04e,0000004f
570,570,0,00001eb4,1,0000a048,6006,0000a04f,0000004f
571,571,0,00001eb4,0,0000a048,6007,0000a04f,0000004f
572,572,0,00001eb4,1,0000a048,6007,0000a04f,0000004f
573,573,0,00001eb4,0,0000a048,6007,0000a04f,0000004f
574,574,0,00001ea4,0,0000a048,6007,0000a04f,0000004f
575,575,0,00001ea8,0,0000a048,6007,0000a04f,0000004e
576,576,0,00001eac,0,0000a048,6007,0000a04f,0000004e
577,577,0,00001eb0,0,0000a048,6007,0000a04f,0000004e
578,578,0,00001eb4,1,0000a048,6007,0000a050,0000004e
579,579,0,00001eb4,0,0000a048,6008,0000a050,0000004e
580,580,0,00001eb4,1,0000a048,6008,0000a050,0000004e
581,581,0,00001eb4,0,0000a048,6008,0000a050,0000004e
582,582,0,00001ea4,0,0000a048,6008,0000a050,0000004e
583,583,0,00001ea8,0,0000a048,6008,0000a050,45
584,584,0,00001eac,0,0000a048,6008,0000a050,45
585,585,0,00001eb0,0,0000a048,6008,0000a050,45
586,586,0,00001eb4,1,0000a048,6008,0000a051,45
587,587,0,00001eb4,0,0000a048,6009,0000a051,45
588,588,0,00001eb4,1,0000a048,6009,0000a051,45
589,589,0,00001eb4,0,0000a048,6009,0000a051,45
590,590,0,00001ea4,0,0000a048,6009,0000a051,45
591,591,0,00001ea8,0,0000a048,6009,0000a051,20
592,592,0,00001eac,0,0000a048,6009,0000a051,20
593,593,0,00001eb0,0,0000a048,6009,0000a051,20
594,594,0,00001eb4,1,0000a048,6009,0000a052,20
595,595,0,00001eb4,0,0000a048,0000600a,0000a052,20
596,596,0,00001eb4,1,0000a048,0000600a,0000a052,20
597,597,0,00001eb4,0,0000a048,0000600a,0000a052,20
598,598,0,00001ea4,0,0000a048,0000600a,0000a052,20
599,599,0,00001ea8,0,0000a048,0000600a,0000a052,50
600,600,0,00001eac,0,0000a048,0000600a,0000a052,50
601,601,0,00001eb0,0,0000a048,0000600a,0000a052,50
602,602,0,00001eb4,1,0000a048,0000600a,0000a053,50
603,603,0,00001eb4,0,0000a048,0000600b,0000a053,50
604,604,0,00001eb4,1,0000a048,0000600b,0000a053,50
605,605,0,00001eb4,0,0000a048,0000600b,0000a053,50
606,606,0,00001ea4,0,0000a048,0000600b,0000a053,50
607,607,0,00001ea8,0,0000a048,0000600b,0000a053,52
608,608,0,00001eac,0,0000a048,0000600b,0000a053,52
609,609,0,00001eb0,0,0000a048,0000600b,0000a053,52
610,610,0,00001eb4,1,0000a048,0000600b,0000a054,52
611,611,0,00001eb4,0,0000a048,0000600c,0000a054,52
612,612,0,00001eb4,1,0000a048,0000600c,0000a054,52
613,613,0,00001eb4,0,0000a048,0000600c,0000a054,52
614,614,0,00001ea4,0,0000a048,0000600c,0000a054,52
615,615,0,00001ea8,0,0000a048,0000600c,0000a054,0000004f
616,616,0,00001eac,0,0000a048,0000600c,0000a054,0000004f
617,617,0,00001eb0,0,0000a048,0000600c,0000a054,0000004f
618,618,0,00001eb4,1,0000a048,0000600c,0000a055,0000004f
619,619,0,00001eb4,0,0000a048,0000600d,0000a055,0000004f
620,620,0,00001eb4,1,0000a048,0000600d,0000a055,0000004f
621,621,0,00001eb4,0,0000a048,0000600d,0000a055,0000004f
622,622,0,00001ea4,0,0000a048,0000600d,0000a055,0000004f
623,623,0,00001ea8,0,0000a048,0000600d,0000a055,47
624,624,0,00001eac,0,0000a048,0000600d,0000a055,47
625,625,0,00001eb0,0,0000a048,0000600d,0000a055,47
626,626,0,00001eb4,1,0000a048,0000600d,0000a056,47
627,627,0,00001eb4,0,0000a048,0000600e,0000a056,47
628,628,0,00001eb4,1,0000a048,0000600e,0000a056,47
629,629,0,00001eb4,0,0000a048,0000600e,0000a056,47
630,630,0,00001ea4,0,0000a048,0000600e,0000a056,47
631,631,0,00001ea8,0,0000a048,0000600e,0000a056,52
632,632,0,00001eac,0,0000a048,0000600e,0000a056,52
633,633,0,00001eb0,0,0000a048,0000600e,0000a056,52
634,634,0,00001eb4,1,0000a048,0000600e,0000a057,52
635,635,0,00001eb4,0,0000a048,0000600f,0000a057,52
636,636,0,00001eb4,1,0000a048,0000600f,0000a057,52
637,637,0,00001eb4,0,0000a048,0000600f,0000a057,52
638,638,0,00001ea4,0,0000a048,0000600f,0000a057,52
639,639,0,00001ea8,0,0000a048,0000600f,0000a057,41
640,640,0,00001eac,0,0000a048,0000600f,0000a057,41
641,641,0,00001eb0,0,0000a048,0000600f,0000a057,41
642,642,0,00001eb4,1,0000a048,0000600f,0000a058,41
643,643,0,00001eb4,0,0000a048,6010,0000a058,41
644,644,0,00001eb4,1,0000a048,6010,0000a058,41
645,645,0,00001eb4,0,0000a048,6010,0000a058,41
646,646,0,00001ea4,0,0000a048,6010,0000a058,41
647,647,0,00001ea8,0,0000a048,6010,0000a058,0000004d
648,648,0,00001eac,0,0000a048,6010,0000a058,0000004d
649,649,0,00001eb0,0,0000a048,6010,0000a058,0000004d
650,650,0,00001eb4,1,0000a048,6010,0000a059,0000004d
651,651,0,00001eb4,0,0000a048,6011,0000a059,0000004d
652,652,0,00001eb4,1,0000a048,6011,0000a059,0000004d
653,653,0,00001eb4,0,0000a048,6011,0000a059,0000004d
654,654,0,00001ea4,0,0000a048,6011,0000a059,0000004d
655,655,0,00001ea8,0,0000a048,6011,0000a059,0000002c
656,656,0,00001eac,0,0000a048,6011,0000a059,0000002c
657,657,0,00001eb0,0,0000a048,6011,0000a059,0000002c
658,658,0,00001eb4,1,0000a048,6011,0000a05a,0000002c
659,659,0,00001eb4,0,0000a048,6012,0000a05a,0000002c
660,660,0,00001eb4,1,0000a048,6012,0000a05a,0000002c
661,661,0,00001eb4,0,0000a048,6012,0000a05a,0000002c
662,662,0,00001ea4,0,0000a048,6012,0000a05a,0000002c
663,663,0,00001ea8,0,0000a048,6012,0000a05a,20
664,664,0,00001eac,0,0000a048,6012,0000a05a,20
665,665,0,00001eb0,0,0000a048,6012,0000a05a,20
666,666,0,00001eb4,1,0000a048,6012,0000a05b,20
667,667,0,00001eb4,0,0000a048,6013,0000a05b,20
668,668,0,00001eb4,1,0000a048,6013,0000a05b,20
669,669,0,00001eb4,0,0000a048,6013,0000a05b,20
670,670,0,00001ea4,0,0000a048,6013,0000a05b,20
671,671,0,00001ea8,0,0000a048,6013,0000a05b,53
672,672,0,00001eac,0,0000a048,6013,0000a05b,53
673,673,0,00001eb0,0,0000a048,6013,0000a05b,53
674,674,0,00001eb4,1,0000a048,6013,0000a05c,53
675,675,0,00001eb4,0,0000a048,6014,0000a05c,53
676,676,0,00001eb4,1,0000a048,6014,0000a05c,53
677,677,0,00001eb4,0,0000a048,6014,0000a05c,53
678,678,0,00001ea4,0,0000a048,6014,0000a05c,53
679,679,0,00001ea8,0,0000a048,6014,0000a05c,0000004f
680,680,0,00001eac,0,0000a048,6014,0000a05c,0000004f
681,681,0,00001eb0,0,0000a048,6014,0000a05c,0000004f
682,682,0,00001eb4,1,0000a048,6014,0000a05d,0000004f
683,683,0,00001eb4,0,0000a048,6015,0000a05d,0000004f
684,684,0,00001eb4,1,0000a048,6015,0000a05d,0000004f
685,685,0,00001eb4,0,0000a048,6015,0000a05d,0000004f
686,686,0,00001ea4,0,0000a048,6015,0000a05d,0000004f
687,687,0,00001ea8,0,0000a048,6015,0000a05d,0000004d
688,688,0,00001eac,0,0000a048,6015,0000a05d,0000004d
689,689,0,00001eb0,0,0000a048,6015,0000a05d,0000004d
690,690,0,00001eb4,1,0000a048,6015,0000a05e,0000004d
691,691,0,00001eb4,0,0000a048,6016,0000a05e,0000004d
692,692,0,00001eb4,1,0000a048,6016,0000a05e,0000004d
693,693,0,00001eb4,0,0000a048,6016,0000a05e,0000004d
694,694,0,00001ea4,0,0000a048,6016,0000a05e,0000004d
695,695,0,00001ea8,0,0000a048,6016,0000a05e,45
696,696,0,00001eac,0,0000a048,6016,0000a05e,45
697,697,0,00001eb0,0,0000a048,6016,0000a05e,45
698,698,0,00001eb4,1,0000a048,6016,0000a05f,45
699,699,0,00001eb4,0,0000a048,6017,0000a05f,45
700,700,0,00001eb4,1,0000a048,6017,0000a05f,45
701,701,0,00001eb4,0,0000a048,6017,0000a05f,45
702,702,0,00001ea4,0,0000a048,6017,0000a05f,45
703,703,0,00001ea8,0,0000a048,6017,0000a05f,20
704,704,0,00001eac,0,0000a048,6017,0000a05f,20
705,705,0,00001eb0,0,0000a048,6017,0000a05f,20
706,706,0,00001eb4,1,0000a048,6017,0000a060,20
707,707,0,00001eb4,0,0000a048,6018,0000a060,20
708,708,0,00001eb4,1,0000a048,6018,0000a060,20
709,709,0,00001eb4,0,0000a048,6018,0000a060,20
710,710,0,00001ea4,0,0000a048,6018,0000a060,20
711,711,0,00001ea8,0,0000a048,6018,0000a060,53
712,712,0,00001eac,0,0000a048,6018,0000a060,53
713,713,0,00001eb0,0,0000a048,6018,0000a060,53
714,714,0,00001eb4,1,0000a048,6018,0000a061,53
715,715,0,00001eb4,0,0000a048,6019,0000a061,53
716,716,0,00001eb4,1,0000a048,6019,0000a061,53
717,717,0,00001eb4,0,0000a048,6019,0000a061,53
718,718,0,00001ea4,0,0000a048,6019,0000a061,53
719,719,0,00001ea8,0,0000a048,6019,0000a061,54
720,720,0,00001eac,0,0000a048,6019,0000a061,54
721,721,0,00001eb0,0,0000a048,6019,0000a061,54
722,722,0,00001eb4,1,0000a048,6019,0000a062,54
723,723,0,00001eb4,0,0000a048,0000601a,0000a062,54
724,724,0,00001eb4,1,0000a048,0000601a,0000a062,54
725,725,0,00001eb4,0,0000a048,0000601a,0000a062,54
726,726,0,00001ea4,0,0000a048,0000601a,0000a062,54
727,727,0,00001ea8,0,0000a048,0000601a,0000a062,52
728,728,0,00001eac,0,0000a048,0000601a,0000a062,52
729,729,0,00001eb0,0,0000a048,0000601a,0000a062,52
730,730,0,00001eb4,1,0000a048,0000601a,0000a063,52
731,731,0,00001eb4,0,0000a048,0000601b,0000a063,52
732,732,0,00001eb4,1,0000a048,0000601b,0000a063,52
733,733,0,00001eb4,0,0000a048,0000601b,0000a063,52
734,734,0,00001ea4,0,0000a048,0000601b,0000a063,52
735,735,0,00001ea8,0,0000a048,0000601b,0000a063,49
736,736,0,00001eac,0,0000a048,0000601b,0000a063,49
737,737,0,00001eb0,0,0000a048,0000601b,0000a063,49
738,738,0,00001eb4,1,0000a048,0000601b,0000a064,49
739,739,0,00001eb4,0,0000a048,0000601c,0000a064,49
740,740,0,00001eb4,1,0000a048,0000601c,0000a064,49
741,741,0,00001eb4,0,0000a048,0000601c,0000a064,49
742,742,0,00001ea4,0,0000a048,0000601c,0000a064,49
743,743,0,00001ea8,0,0000a048,0000601c,0000a064,0000004e
744,744,0,00001eac,0,0000a048,0000601c,0000a064,0000004e
745,745,0,00001eb0,0,0000a048,0000601c,0000a064,0000004e
746,746,0,00001eb4,1,0000a048,0000601c,0000a065,0000004e
747,747,0,00001eb4,0,0000a048,0000601d,0000a065,0000004e
748,748,0,00001eb4,1,0000a048,0000601d,0000a065,0000004e
749,749,0,00001eb4,0,0000a048,0000601d,0000a065,0000004e
750,750,0,00001ea4,0,0000a048,0000601d,0000a065,0000004e
751,751,0,00001ea8,0,0000a048,0000601d,0000a065,47
752,752,0,00001eac,0,0000a048,0000601d,0000a065,47
753,753,0,00001eb0,0,0000a048,0000601d,0000a065,47
754,754,0,00001eb4,1,0000a048,0000601d,0000a066,47
755,755,0,00001eb4,0,0000a048,0000601e,0000a066,47
756,756,0,00001eb4,1,0000a048,0000601e,0000a066,47
757,757,0,00001eb4,0,0000a048,0000601e,0000a066,47
758,758,0,00001ea4,0,0000a048,0000601e,0000a066,47
759,759,0,00001ea8,0,0000a048,0000601e,0000a066,0
760,760,0,00001eb8,0,0000a048,0000601e,0000a066,0
761,761,0,00001ebc,0,0000a048,0000601e,0000a066,0
762,762,0,00001ec0,1,0000a048,0000601e,0000a066,0
763,763,0,00001ec0,0,0000a048,0000601e,0000a066,0
764,764,0,00001ec4,0,0000a048,0000601e,0000a066,0
765,765,0,00004ab8,0,0000a048,0000601e,0000a066,0
766,766,0,00004abc,0,0000a048,0000601e,0000a066,0
767,767,0,00004ac0,0,0000a048,0000601e,0000a066,0
768,768,0,00004ac4,0,0000a048,0000601e,0000a066,0
769,769,0,00004ac8,0,0000a048,6000,0000a066,0
770,770,0,00004acc,0,0000a048,6020,0000a066,0
771,771,0,1E+98,0,0000ff70,6020,0000a066,0
772,772,0,00001e9c,0,0000ff70,6020,0000a066,0
773,773,0,00001ea0,1,0000ff70,6020,0000a066,0
774,774,0,00001ea0,0,0000ff70,6020,0000a066,0
775,775,0,00001ea4,0,0000ff70,6020,0000a066,0
776,776,0,00001ea8,0,0000ff70,6020,0000a066,44
777,777,0,00001eac,0,0000ff70,6020,0000ff70,44
778,778,0,00001eb0,0,0000ff70,6020,0000ff70,44
779,779,0,00001eb4,1,0000ff70,6020,0000ff71,44
780,780,0,00001eb4,0,0000ff70,6021,0000ff71,44
781,781,0,00001eb4,1,0000ff70,6021,0000ff71,44
782,782,0,00001eb4,0,0000ff70,6021,0000ff71,44
783,783,0,00001ea4,0,0000ff70,6021,0000ff71,44
784,784,0,00001ea8,0,0000ff70,6021,0000ff71,48
785,785,0,00001eac,0,0000ff70,6021,0000ff71,48
786,786,0,00001eb0,0,0000ff70,6021,0000ff71,48
787,787,0,00001eb4,1,0000ff70,6021,0000ff72,48
788,788,0,00001eb4,0,0000ff70,6022,0000ff72,48
789,789,0,00001eb4,1,0000ff70,6022,0000ff72,48
790,790,0,00001eb4,0,0000ff70,6022,0000ff72,48
791,791,0,00001ea4,0,0000ff70,6022,0000ff72,48
792,792,0,00001ea8,0,0000ff70,6022,0000ff72,52
793,793,0,00001eac,0,0000ff70,6022,0000ff72,52
794,794,0,00001eb0,0,0000ff70,6022,0000ff72,52
795,795,0,00001eb4,1,0000ff70,6022,0000ff73,52
796,796,0,00001eb4,0,0000ff70,6023,0000ff73,52
797,797,0,00001eb4,1,0000ff70,6023,0000ff73,52
798,798,0,00001eb4,0,0000ff70,6023,0000ff73,52
799,799,0,00001ea4,0,0000ff70,6023,0000ff73,52
800,800,0,00001ea8,0,0000ff70,6023,0000ff73,59
801,801,0,00001eac,0,0000ff70,6023,0000ff73,59
802,802,0,00001eb0,0,0000ff70,6023,0000ff73,59
803,803,0,00001eb4,1,0000ff70,6023,0000ff74,59
804,804,0,00001eb4,0,0000ff70,6024,0000ff74,59
805,805,0,00001eb4,1,0000ff70,6024,0000ff74,59
806,806,0,00001eb4,0,0000ff70,6024,0000ff74,59
807,807,0,00001ea4,0,0000ff70,6024,0000ff74,59
808,808,0,00001ea8,0,0000ff70,6024,0000ff74,53
809,809,0,00001eac,0,0000ff70,6024,0000ff74,53
810,810,0,00001eb0,0,0000ff70,6024,0000ff74,53
811,811,0,00001eb4,1,0000ff70,6024,0000ff75,53
812,812,0,00001eb4,0,0000ff70,6025,0000ff75,53
813,813,0,00001eb4,1,0000ff70,6025,0000ff75,53
814,814,0,00001eb4,0,0000ff70,6025,0000ff75,53
815,815,0,00001ea4,0,0000ff70,6025,0000ff75,53
816,816,0,00001ea8,0,0000ff70,6025,0000ff75,54
817,817,0,00001eac,0,0000ff70,6025,0000ff75,54
818,818,0,00001eb0,0,0000ff70,6025,0000ff75,54
819,819,0,00001eb4,1,0000ff70,6025,0000ff76,54
820,820,0,00001eb4,0,0000ff70,6026,0000ff76,54
821,821,0,00001eb4,1,0000ff70,6026,0000ff76,54
822,822,0,00001eb4,0,0000ff70,6026,0000ff76,54
823,823,0,00001ea4,0,0000ff70,6026,0000ff76,54
824,824,0,00001ea8,0,0000ff70,6026,0000ff76,0000004f
825,825,0,00001eac,0,0000ff70,6026,0000ff76,0000004f
826,826,0,00001eb0,0,0000ff70,6026,0000ff76,0000004f
827,827,0,00001eb4,1,0000ff70,6026,0000ff77,0000004f
828,828,0,00001eb4,0,0000ff70,6027,0000ff77,0000004f
829,829,0,00001eb4,1,0000ff70,6027,0000ff77,0000004f
830,830,0,00001eb4,0,0000ff70,6027,0000ff77,0000004f
831,831,0,00001ea4,0,0000ff70,6027,0000ff77,0000004f
832,832,0,00001ea8,0,0000ff70,6027,0000ff77,0000004e
833,833,0,00001eac,0,0000ff70,6027,0000ff77,0000004e
834,834,0,00001eb0,0,0000ff70,6027,0000ff77,0000004e
835,835,0,00001eb4,1,0000ff70,6027,0000ff78,0000004e
836,836,0,00001eb4,0,0000ff70,6028,0000ff78,0000004e
837,837,0,00001eb4,1,0000ff70,6028,0000ff78,0000004e
838,838,0,00001eb4,0,0000ff70,6028,0000ff78,0000004e
839,839,0,00001ea4,0,0000ff70,6028,0000ff78,0000004e
840,840,0,00001ea8,0,0000ff70,6028,0000ff78,45
841,841,0,00001eac,0,0000ff70,6028,0000ff78,45
842,842,0,00001eb0,0,0000ff70,6028,0000ff78,45
843,843,0,00001eb4,1,0000ff70,6028,0000ff79,45
844,844,0,00001eb4,0,0000ff70,6029,0000ff79,45
845,845,0,00001eb4,1,0000ff70,6029,0000ff79,45
846,846,0,00001eb4,0,0000ff70,6029,0000ff79,45
847,847,0,00001ea4,0,0000ff70,6029,0000ff79,45
848,848,0,00001ea8,0,0000ff70,6029,0000ff79,20
849,849,0,00001eac,0,0000ff70,6029,0000ff79,20
850,850,0,00001eb0,0,0000ff70,6029,0000ff79,20
851,851,0,00001eb4,1,0000ff70,6029,0000ff7a,20
852,852,0,00001eb4,0,0000ff70,0000602a,0000ff7a,20
853,853,0,00001eb4,1,0000ff70,0000602a,0000ff7a,20
854,854,0,00001eb4,0,0000ff70,0000602a,0000ff7a,20
855,855,0,00001ea4,0,0000ff70,0000602a,0000ff7a,20
856,856,0,00001ea8,0,0000ff70,0000602a,0000ff7a,50
857,857,0,00001eac,0,0000ff70,0000602a,0000ff7a,50
858,858,0,00001eb0,0,0000ff70,0000602a,0000ff7a,50
859,859,0,00001eb4,1,0000ff70,0000602a,0000ff7b,50
860,860,0,00001eb4,0,0000ff70,0000602b,0000ff7b,50
861,861,0,00001eb4,1,0000ff70,0000602b,0000ff7b,50
862,862,0,00001eb4,0,0000ff70,0000602b,0000ff7b,50
863,863,0,00001ea4,0,0000ff70,0000602b,0000ff7b,50
864,864,0,00001ea8,0,0000ff70,0000602b,0000ff7b,52
865,865,0,00001eac,0,0000ff70,0000602b,0000ff7b,52
866,866,0,00001eb0,0,0000ff70,0000602b,0000ff7b,52
867,867,0,00001eb4,1,0000ff70,0000602b,0000ff7c,52
868,868,0,00001eb4,0,0000ff70,0000602c,0000ff7c,52
869,869,0,00001eb4,1,0000ff70,0000602c,0000ff7c,52
870,870,0,00001eb4,0,0000ff70,0000602c,0000ff7c,52
871,871,0,00001ea4,0,0000ff70,0000602c,0000ff7c,52
872,872,0,00001ea8,0,0000ff70,0000602c,0000ff7c,0000004f
873,873,0,00001eac,0,0000ff70,0000602c,0000ff7c,0000004f
874,874,0,00001eb0,0,0000ff70,0000602c,0000ff7c,0000004f
875,875,0,00001eb4,1,0000ff70,0000602c,0000ff7d,0000004f
876,876,0,00001eb4,0,0000ff70,0000602d,0000ff7d,0000004f
877,877,0,00001eb4,1,0000ff70,0000602d,0000ff7d,0000004f
878,878,0,00001eb4,0,0000ff70,0000602d,0000ff7d,0000004f
879,879,0,00001ea4,0,0000ff70,0000602d,0000ff7d,0000004f
880,880,0,00001ea8,0,0000ff70,0000602d,0000ff7d,47
881,881,0,00001eac,0,0000ff70,0000602d,0000ff7d,47
882,882,0,00001eb0,0,0000ff70,0000602d,0000ff7d,47
883,883,0,00001eb4,1,0000ff70,0000602d,0000ff7e,47
884,884,0,00001eb4,0,0000ff70,0000602e,0000ff7e,47
885,885,0,00001eb4,1,0000ff70,0000602e,0000ff7e,47
886,886,0,00001eb4,0,0000ff70,0000602e,0000ff7e,47
887,887,0,00001ea4,0,0000ff70,0000602e,0000ff7e,47
888,888,0,00001ea8,0,0000ff70,0000602e,0000ff7e,52
889,889,0,00001eac,0,0000ff70,0000602e,0000ff7e,52
890,890,0,00001eb0,0,0000ff70,0000602e,0000ff7e,52
891,891,0,00001eb4,1,0000ff70,0000602e,0000ff7f,52
892,892,0,00001eb4,0,0000ff70,0000602f,0000ff7f,52
893,893,0,00001eb4,1,0000ff70,0000602f,0000ff7f,52
894,894,0,00001eb4,0,0000ff70,0000602f,0000ff7f,52
895,895,0,00001ea4,0,0000ff70,0000602f,0000ff7f,52
896,896,0,00001ea8,0,0000ff70,0000602f,0000ff7f,41
897,897,0,00001eac,0,0000ff70,0000602f,0000ff7f,41
898,898,0,00001eb0,0,0000ff70,0000602f,0000ff7f,41
899,899,0,00001eb4,1,0000ff70,0000602f,0000ff80,41
900,900,0,00001eb4,0,0000ff70,6030,0000ff80,41
901,901,0,00001eb4,1,0000ff70,6030,0000ff80,41
902,902,0,00001eb4,0,0000ff70,6030,0000ff80,41
903,903,0,00001ea4,0,0000ff70,6030,0000ff80,41
904,904,0,00001ea8,0,0000ff70,6030,0000ff80,0000004d
905,905,0,00001eac,0,0000ff70,6030,0000ff80,0000004d
906,906,0,00001eb0,0,0000ff70,6030,0000ff80,0000004d
907,907,0,00001eb4,1,0000ff70,6030,0000ff81,0000004d
908,908,0,00001eb4,0,0000ff70,6031,0000ff81,0000004d
909,909,0,00001eb4,1,0000ff70,6031,0000ff81,0000004d
910,910,0,00001eb4,0,0000ff70,6031,0000ff81,0000004d
911,911,0,00001ea4,0,0000ff70,6031,0000ff81,0000004d
912,912,0,00001ea8,0,0000ff70,6031,0000ff81,0000002c
913,913,0,00001eac,0,0000ff70,6031,0000ff81,0000002c
914,914,0,00001eb0,0,0000ff70,6031,0000ff81,0000002c
915,915,0,00001eb4,1,0000ff70,6031,0000ff82,0000002c
916,916,0,00001eb4,0,0000ff70,6032,0000ff82,0000002c
917,917,0,00001eb4,1,0000ff70,6032,0000ff82,0000002c
918,918,0,00001eb4,0,0000ff70,6032,0000ff82,0000002c
919,919,0,00001ea4,0,0000ff70,6032,0000ff82,0000002c
920,920,0,00001ea8,0,0000ff70,6032,0000ff82,20
921,921,0,00001eac,0,0000ff70,6032,0000ff82,20
922,922,0,00001eb0,0,0000ff70,6032,0000ff82,20
923,923,0,00001eb4,1,0000ff70,6032,0000ff83,20
924,924,0,00001eb4,0,0000ff70,6033,0000ff83,20
925,925,0,00001eb4,1,0000ff70,6033,0000ff83,20
926,926,0,00001eb4,0,0000ff70,6033,0000ff83,20
927,927,0,00001ea4,0,0000ff70,6033,0000ff83,20
928,928,0,00001ea8,0,0000ff70,6033,0000ff83,31
929,929,0,00001eac,0,0000ff70,6033,0000ff83,31
930,930,0,00001eb0,0,0000ff70,6033,0000ff83,31
931,931,0,00001eb4,1,0000ff70,6033,0000ff84,31
932,932,0,00001eb4,0,0000ff70,6034,0000ff84,31
933,933,0,00001eb4,1,0000ff70,6034,0000ff84,31
934,934,0,00001eb4,0,0000ff70,6034,0000ff84,31
935,935,0,00001ea4,0,0000ff70,6034,0000ff84,31
936,936,0,00001ea8,0,0000ff70,6034,0000ff84,27
937,937,0,00001eac,0,0000ff70,6034,0000ff84,27
938,938,0,00001eb0,0,0000ff70,6034,0000ff84,27
939,939,0,00001eb4,1,0000ff70,6034,0000ff85,27
940,940,0,00001eb4,0,0000ff70,6035,0000ff85,27
941,941,0,00001eb4,1,0000ff70,6035,0000ff85,27
942,942,0,00001eb4,0,0000ff70,6035,0000ff85,27
943,943,0,00001ea4,0,0000ff70,6035,0000ff85,27
944,944,0,00001ea8,0,0000ff70,6035,0000ff85,53
945,945,0,00001eac,0,0000ff70,6035,0000ff85,53
946,946,0,00001eb0,0,0000ff70,6035,0000ff85,53
947,947,0,00001eb4,1,0000ff70,6035,0000ff86,53
948,948,0,00001eb4,0,0000ff70,6036,0000ff86,53
949,949,0,00001eb4,1,0000ff70,6036,0000ff86,53
950,950,0,00001eb4,0,0000ff70,6036,0000ff86,53
951,951,0,00001ea4,0,0000ff70,6036,0000ff86,53
952,952,0,00001ea8,0,0000ff70,6036,0000ff86,54
953,953,0,00001eac,0,0000ff70,6036,0000ff86,54
954,954,0,00001eb0,0,0000ff70,6036,0000ff86,54
955,955,0,00001eb4,1,0000ff70,6036,0000ff87,54
956,956,0,00001eb4,0,0000ff70,6037,0000ff87,54
957,957,0,00001eb4,1,0000ff70,6037,0000ff87,54
958,958,0,00001eb4,0,0000ff70,6037,0000ff87,54
959,959,0,00001ea4,0,0000ff70,6037,0000ff87,54
960,960,0,00001ea8,0,0000ff70,6037,0000ff87,20
961,961,0,00001eac,0,0000ff70,6037,0000ff87,20
962,962,0,00001eb0,0,0000ff70,6037,0000ff87,20
963,963,0,00001eb4,1,0000ff70,6037,0000ff88,20
964,964,0,00001eb4,0,0000ff70,6038,0000ff88,20
965,965,0,00001eb4,1,0000ff70,6038,0000ff88,20
966,966,0,00001eb4,0,0000ff70,6038,0000ff88,20
967,967,0,00001ea4,0,0000ff70,6038,0000ff88,20
968,968,0,00001ea8,0,0000ff70,6038,0000ff88,53
969,969,0,00001eac,0,0000ff70,6038,0000ff88,53
970,970,0,00001eb0,0,0000ff70,6038,0000ff88,53
971,971,0,00001eb4,1,0000ff70,6038,0000ff89,53
972,972,0,00001eb4,0,0000ff70,6039,0000ff89,53
973,973,0,00001eb4,1,0000ff70,6039,0000ff89,53
974,974,0,00001eb4,0,0000ff70,6039,0000ff89,53
975,975,0,00001ea4,0,0000ff70,6039,0000ff89,53
976,976,0,00001ea8,0,0000ff70,6039,0000ff89,54
977,977,0,00001eac,0,0000ff70,6039,0000ff89,54
978,978,0,00001eb0,0,0000ff70,6039,0000ff89,54
979,979,0,00001eb4,1,0000ff70,6039,0000ff8a,54
980,980,0,00001eb4,0,0000ff70,0000603a,0000ff8a,54
981,981,0,00001eb4,1,0000ff70,0000603a,0000ff8a,54
982,982,0,00001eb4,0,0000ff70,0000603a,0000ff8a,54
983,983,0,00001ea4,0,0000ff70,0000603a,0000ff8a,54
984,984,0,00001ea8,0,0000ff70,0000603a,0000ff8a,52
985,985,0,00001eac,0,0000ff70,0000603a,0000ff8a,52
986,986,0,00001eb0,0,0000ff70,0000603a,0000ff8a,52
987,987,0,00001eb4,1,0000ff70,0000603a,0000ff8b,52
988,988,0,00001eb4,0,0000ff70,0000603b,0000ff8b,52
989,989,0,00001eb4,1,0000ff70,0000603b,0000ff8b,52
990,990,0,00001eb4,0,0000ff70,0000603b,0000ff8b,52
991,991,0,00001ea4,0,0000ff70,0000603b,0000ff8b,52
992,992,0,00001ea8,0,0000ff70,0000603b,0000ff8b,49
993,993,0,00001eac,0,0000ff70,0000603b,0000ff8b,49
994,994,0,00001eb0,0,0000ff70,0000603b,0000ff8b,49
995,995,0,00001eb4,1,0000ff70,0000603b,0000ff8c,49
996,996,0,00001eb4,0,0000ff70,0000603c,0000ff8c,49
997,997,0,00001eb4,1,0000ff70,0000603c,0000ff8c,49
998,998,0,00001eb4,0,0000ff70,0000603c,0000ff8c,49
999,999,0,00001ea4,0,0000ff70,0000603c,0000ff8c,49
1000,1000,0,00001ea8,0,0000ff70,0000603c,0000ff8c,0000004e
1001,1001,0,00001eac,0,0000ff70,0000603c,0000ff8c,0000004e
1002,1002,0,00001eb0,0,0000ff70,0000603c,0000ff8c,0000004e
1003,1003,0,00001eb4,1,0000ff70,0000603c,0000ff8d,0000004e
1004,1004,0,00001eb4,0,0000ff70,0000603d,0000ff8d,0000004e
1005,1005,0,00001eb4,1,0000ff70,0000603d,0000ff8d,0000004e
1006,1006,0,00001eb4,0,0000ff70,0000603d,0000ff8d,0000004e
1007,1007,0,00001ea4,0,0000ff70,0000603d,0000ff8d,0000004e
1008,1008,0,00001ea8,0,0000ff70,0000603d,0000ff8d,47
1009,1009,0,00001eac,0,0000ff70,0000603d,0000ff8d,47
1010,1010,0,00001eb0,0,0000ff70,0000603d,0000ff8d,47
1011,1011,0,00001eb4,1,0000ff70,0000603d,0000ff8e,47
1012,1012,0,00001eb4,0,0000ff70,0000603e,0000ff8e,47
1013,1013,0,00001eb4,1,0000ff70,0000603e,0000ff8e,47
1014,1014,0,00001eb4,0,0000ff70,0000603e,0000ff8e,47
1015,1015,0,00001ea4,0,0000ff70,0000603e,0000ff8e,47
1016,1016,0,00001ea8,0,0000ff70,0000603e,0000ff8e,0
1017,1017,0,00001eb8,0,0000ff70,0000603e,0000ff8e,0
1018,1018,0,00001ebc,0,0000ff70,0000603e,0000ff8e,0
1019,1019,0,00001ec0,1,0000ff70,0000603e,0000ff8e,0
1020,1020,0,00001ec0,0,0000ff70,0000603e,0000ff8e,0
1021,1021,0,00001ec4,0,0000ff70,0000603e,0000ff8e,0
1022,1022,0,00004ac8,0,0000ff70,0000603e,0000ff8e,0
1023,1023,0,00004acc,0,0000ff70,0000603e,0000ff8e,0
