Sample in Buffer,Sample in Window,TRIGGER,Aquila_SoC/RISCV_CORE0/Fetch/pc_o[31:0],Aquila_SoC/RISCV_CORE0/Register_File/x_reg[10]_88[31:0],Aquila_SoC/RISCV_CORE0/Register_File/x_reg[15]_93[31:0],Aquila_SoC/RISCV_CORE0/Register_File/x_reg[14]_92[31:0],Aquila_SoC/RISCV_CORE0/Register_File/x_reg[11]_89[31:0],Aquila_SoC/RISCV_CORE0/Execute/stall_i
Radix - UNSIGNED,UNSIGNED,UNSIGNED,HEX,HEX,HEX,HEX,HEX,HEX
0,0,0,2108,0000000a,8,c0000000,0,0
1,1,0,0000210c,0000000a,8,c0000000,0,0
2,2,0,2104,0000000a,8,c0000000,0,0
3,3,0,2108,0000000a,8,c0000000,0,0
4,4,0,2108,0000000a,8,c0000000,0,1
5,5,0,2108,0000000a,8,c0000000,0,0
6,6,0,0000210c,0000000a,8,c0000000,0,0
7,7,0,2104,0000000a,8,c0000000,0,0
8,8,0,2108,0000000a,8,c0000000,0,0
9,9,0,2108,0000000a,8,c0000000,0,1
10,10,0,2108,0000000a,8,c0000000,0,0
11,11,0,0000210c,0000000a,8,c0000000,0,0
12,12,0,2104,0000000a,8,c0000000,0,0
13,13,0,2108,0000000a,8,c0000000,0,0
14,14,0,2108,0000000a,8,c0000000,0,1
15,15,0,2108,0000000a,8,c0000000,0,0
16,16,0,0000210c,0000000a,8,c0000000,0,0
17,17,0,2104,0000000a,8,c0000000,0,0
18,18,0,2108,0000000a,8,c0000000,0,0
19,19,0,2108,0000000a,8,c0000000,0,1
20,20,0,2108,0000000a,8,c0000000,0,0
21,21,0,0000210c,0000000a,8,c0000000,0,0
22,22,0,2104,0000000a,8,c0000000,0,0
23,23,0,2108,0000000a,8,c0000000,0,0
24,24,0,2108,0000000a,8,c0000000,0,1
25,25,0,2108,0000000a,8,c0000000,0,0
26,26,0,0000210c,0000000a,8,c0000000,0,0
27,27,0,2104,0000000a,8,c0000000,0,0
28,28,0,2108,0000000a,8,c0000000,0,0
29,29,0,2108,0000000a,8,c0000000,0,1
30,30,0,2108,0000000a,8,c0000000,0,0
31,31,0,0000210c,0000000a,8,c0000000,0,0
32,32,0,2104,0000000a,8,c0000000,0,0
33,33,0,2108,0000000a,8,c0000000,0,0
34,34,0,2108,0000000a,8,c0000000,0,1
35,35,0,2108,0000000a,8,c0000000,0,0
36,36,0,0000210c,0000000a,8,c0000000,0,0
37,37,0,2104,0000000a,8,c0000000,0,0
38,38,0,2108,0000000a,8,c0000000,0,0
39,39,0,2108,0000000a,8,c0000000,0,1
40,40,0,2108,0000000a,8,c0000000,0,0
41,41,0,0000210c,0000000a,8,c0000000,0,0
42,42,0,2104,0000000a,8,c0000000,0,0
43,43,0,2108,0000000a,8,c0000000,0,0
44,44,0,2108,0000000a,8,c0000000,0,1
45,45,0,2108,0000000a,8,c0000000,0,0
46,46,0,0000210c,0000000a,8,c0000000,0,0
47,47,0,2104,0000000a,8,c0000000,0,0
48,48,0,2108,0000000a,8,c0000000,0,0
49,49,0,2108,0000000a,8,c0000000,0,1
50,50,0,2108,0000000a,8,c0000000,0,0
51,51,0,0000210c,0000000a,8,c0000000,0,0
52,52,0,2104,0000000a,8,c0000000,0,0
53,53,0,2108,0000000a,8,c0000000,0,0
54,54,0,2108,0000000a,8,c0000000,0,1
55,55,0,2108,0000000a,8,c0000000,0,0
56,56,0,0000210c,0000000a,8,c0000000,0,0
57,57,0,2104,0000000a,8,c0000000,0,0
58,58,0,2108,0000000a,8,c0000000,0,0
59,59,0,2108,0000000a,8,c0000000,0,1
60,60,0,2108,0000000a,8,c0000000,0,0
61,61,0,0000210c,0000000a,8,c0000000,0,0
62,62,0,2104,0000000a,8,c0000000,0,0
63,63,0,2108,0000000a,8,c0000000,0,0
64,64,0,2108,0000000a,8,c0000000,0,1
65,65,0,2108,0000000a,8,c0000000,0,0
66,66,0,0000210c,0000000a,8,c0000000,0,0
67,67,0,2104,0000000a,8,c0000000,0,0
68,68,0,2108,0000000a,8,c0000000,0,0
69,69,0,2108,0000000a,8,c0000000,0,1
70,70,0,2108,0000000a,8,c0000000,0,0
71,71,0,0000210c,0000000a,8,c0000000,0,0
72,72,0,2104,0000000a,8,c0000000,0,0
73,73,0,2108,0000000a,8,c0000000,0,0
74,74,0,2108,0000000a,8,c0000000,0,1
75,75,0,2108,0000000a,8,c0000000,0,0
76,76,0,0000210c,0000000a,8,c0000000,0,0
77,77,0,2104,0000000a,8,c0000000,0,0
78,78,0,2108,0000000a,8,c0000000,0,0
79,79,0,2108,0000000a,8,c0000000,0,1
80,80,0,2108,0000000a,8,c0000000,0,0
81,81,0,0000210c,0000000a,8,c0000000,0,0
82,82,0,2104,0000000a,8,c0000000,0,0
83,83,0,2108,0000000a,8,c0000000,0,0
84,84,0,2108,0000000a,8,c0000000,0,1
85,85,0,2108,0000000a,8,c0000000,0,0
86,86,0,0000210c,0000000a,8,c0000000,0,0
87,87,0,2104,0000000a,8,c0000000,0,0
88,88,0,2108,0000000a,8,c0000000,0,0
89,89,0,2108,0000000a,8,c0000000,0,1
90,90,0,2108,0000000a,8,c0000000,0,0
91,91,0,0000210c,0000000a,8,c0000000,0,0
92,92,0,2104,0000000a,8,c0000000,0,0
93,93,0,2108,0000000a,8,c0000000,0,0
94,94,0,2108,0000000a,8,c0000000,0,1
95,95,0,2108,0000000a,8,c0000000,0,0
96,96,0,0000210c,0000000a,8,c0000000,0,0
97,97,0,2104,0000000a,8,c0000000,0,0
98,98,0,2108,0000000a,8,c0000000,0,0
99,99,0,2108,0000000a,8,c0000000,0,1
100,100,0,2108,0000000a,8,c0000000,0,0
101,101,0,0000210c,0000000a,8,c0000000,0,0
102,102,0,2104,0000000a,8,c0000000,0,0
103,103,0,2108,0000000a,8,c0000000,0,0
104,104,0,2108,0000000a,8,c0000000,0,1
105,105,0,2108,0000000a,8,c0000000,0,0
106,106,0,0000210c,0000000a,8,c0000000,0,0
107,107,0,2104,0000000a,8,c0000000,0,0
108,108,0,2108,0000000a,8,c0000000,0,0
109,109,0,2108,0000000a,8,c0000000,0,1
110,110,0,2108,0000000a,8,c0000000,0,0
111,111,0,0000210c,0000000a,8,c0000000,0,0
112,112,0,2104,0000000a,8,c0000000,0,0
113,113,0,2108,0000000a,8,c0000000,0,0
114,114,0,2108,0000000a,8,c0000000,0,1
115,115,0,2108,0000000a,8,c0000000,0,0
116,116,0,0000210c,0000000a,8,c0000000,0,0
117,117,0,2104,0000000a,8,c0000000,0,0
118,118,0,2108,0000000a,8,c0000000,0,0
119,119,0,2108,0000000a,8,c0000000,0,1
120,120,0,2108,0000000a,8,c0000000,0,0
121,121,0,0000210c,0000000a,8,c0000000,0,0
122,122,0,2104,0000000a,8,c0000000,0,0
123,123,0,2108,0000000a,8,c0000000,0,0
124,124,0,2108,0000000a,8,c0000000,0,1
125,125,0,2108,0000000a,8,c0000000,0,0
126,126,0,0000210c,0000000a,8,c0000000,0,0
127,127,0,2104,0000000a,8,c0000000,0,0
128,128,0,2108,0000000a,8,c0000000,0,0
129,129,0,2108,0000000a,8,c0000000,0,1
130,130,0,2108,0000000a,8,c0000000,0,0
131,131,0,0000210c,0000000a,8,c0000000,0,0
132,132,0,2104,0000000a,8,c0000000,0,0
133,133,0,2108,0000000a,8,c0000000,0,0
134,134,0,2108,0000000a,8,c0000000,0,1
135,135,0,2108,0000000a,8,c0000000,0,0
136,136,0,0000210c,0000000a,8,c0000000,0,0
137,137,0,2104,0000000a,8,c0000000,0,0
138,138,0,2108,0000000a,8,c0000000,0,0
139,139,0,2108,0000000a,8,c0000000,0,1
140,140,0,2108,0000000a,8,c0000000,0,0
141,141,0,0000210c,0000000a,8,c0000000,0,0
142,142,0,2104,0000000a,8,c0000000,0,0
143,143,0,2108,0000000a,8,c0000000,0,0
144,144,0,2108,0000000a,8,c0000000,0,1
145,145,0,2108,0000000a,8,c0000000,0,0
146,146,0,0000210c,0000000a,8,c0000000,0,0
147,147,0,2104,0000000a,8,c0000000,0,0
148,148,0,2108,0000000a,8,c0000000,0,0
149,149,0,2108,0000000a,8,c0000000,0,1
150,150,0,2108,0000000a,8,c0000000,0,0
151,151,0,0000210c,0000000a,8,c0000000,0,0
152,152,0,2104,0000000a,8,c0000000,0,0
153,153,0,2108,0000000a,8,c0000000,0,0
154,154,0,2108,0000000a,8,c0000000,0,1
155,155,0,2108,0000000a,8,c0000000,0,0
156,156,0,0000210c,0000000a,8,c0000000,0,0
157,157,0,2104,0000000a,8,c0000000,0,0
158,158,0,2108,0000000a,8,c0000000,0,0
159,159,0,2108,0000000a,8,c0000000,0,1
160,160,0,2108,0000000a,8,c0000000,0,0
161,161,0,0000210c,0000000a,8,c0000000,0,0
162,162,0,2104,0000000a,8,c0000000,0,0
163,163,0,2108,0000000a,8,c0000000,0,0
164,164,0,2108,0000000a,8,c0000000,0,1
165,165,0,2108,0000000a,8,c0000000,0,0
166,166,0,0000210c,0000000a,8,c0000000,0,0
167,167,0,2104,0000000a,8,c0000000,0,0
168,168,0,2108,0000000a,8,c0000000,0,0
169,169,0,2108,0000000a,8,c0000000,0,1
170,170,0,2108,0000000a,8,c0000000,0,0
171,171,0,0000210c,0000000a,8,c0000000,0,0
172,172,0,2104,0000000a,8,c0000000,0,0
173,173,0,2108,0000000a,8,c0000000,0,0
174,174,0,2108,0000000a,8,c0000000,0,1
175,175,0,2108,0000000a,8,c0000000,0,0
176,176,0,0000210c,0000000a,8,c0000000,0,0
177,177,0,2104,0000000a,8,c0000000,0,0
178,178,0,2108,0000000a,8,c0000000,0,0
179,179,0,2108,0000000a,8,c0000000,0,1
180,180,0,2108,0000000a,8,c0000000,0,0
181,181,0,0000210c,0000000a,8,c0000000,0,0
182,182,0,2104,0000000a,8,c0000000,0,0
183,183,0,2108,0000000a,8,c0000000,0,0
184,184,0,2108,0000000a,8,c0000000,0,1
185,185,0,2108,0000000a,8,c0000000,0,0
186,186,0,0000210c,0000000a,8,c0000000,0,0
187,187,0,2104,0000000a,8,c0000000,0,0
188,188,0,2108,0000000a,8,c0000000,0,0
189,189,0,2108,0000000a,8,c0000000,0,1
190,190,0,2108,0000000a,8,c0000000,0,0
191,191,0,0000210c,0000000a,8,c0000000,0,0
192,192,0,2104,0000000a,8,c0000000,0,0
193,193,0,2108,0000000a,8,c0000000,0,0
194,194,0,2108,0000000a,8,c0000000,0,1
195,195,0,2108,0000000a,8,c0000000,0,0
196,196,0,0000210c,0000000a,8,c0000000,0,0
197,197,0,2104,0000000a,8,c0000000,0,0
198,198,0,2108,0000000a,8,c0000000,0,0
199,199,0,2108,0000000a,8,c0000000,0,1
200,200,0,2108,0000000a,8,c0000000,0,0
201,201,0,0000210c,0000000a,8,c0000000,0,0
202,202,0,2104,0000000a,0,c0000000,0,0
203,203,0,2108,0000000a,0,c0000000,0,0
204,204,0,2110,0000000a,0,c0000000,0,0
205,205,0,2114,0000000a,0,c0000000,0,0
206,206,0,2118,0000000a,0,c0000000,0,1
207,207,0,2118,0000000a,0,c0000000,0,0
208,208,0,0000211c,0000000a,0,c0000000,0,0
209,209,0,1900,0000000a,0,c0000000,0,0
210,210,0,1904,0000000a,0,c0000000,0,0
211,211,0,1908,0000000a,0,c0000000,0,0
212,212,0,0000190c,0000000a,0,c0000000,0,0
213,213,0,1910,0000000a,000060f8,c0000000,0,0
214,214,0,1910,0000000a,000060f8,c0000000,0,1
215,215,0,1910,0000000a,000060f8,c0000000,0,0
216,216,0,1914,0000000a,000060f8,c0000000,0,0
217,217,0,1918,0,000060f8,c0000000,0,0
218,218,0,000019ec,0,000060f8,c0000000,0,0
219,219,0,000019f0,0,000060f8,c0000000,0,0
220,220,0,000019f4,0,000060f8,c0000000,0,1
221,221,0,000019f4,0,000060f8,c0000000,0,0
222,222,0,000019f8,0,000060f8,c0000000,0,1
223,223,0,000019f8,0,000060f8,c0000000,0,0
224,224,0,000019fc,0,000060f8,c0000000,0,1
225,225,0,000019fc,0,000060f8,c0000000,0,0
226,226,0,00001a00,0,000060f8,c0000000,0,1
227,227,0,00001a00,0,000060f8,c0000000,0,0
228,228,0,00001a04,0,000060f8,c0000000,0,1
229,229,0,00001a04,0,000060f8,c0000000,0,0
230,230,0,00001a08,0,000060f8,c0000000,0,1
231,231,0,00001a08,0,000060f8,c0000000,0,0
232,232,0,00001a0c,0,000060f8,c0000000,0,1
233,233,0,00001a0c,0,000060f8,c0000000,0,0
234,234,0,00001a10,0,000060f8,c0000000,0,1
235,235,0,00001a10,0,000060f8,c0000000,0,0
236,236,0,00001a14,0,000060f8,c0000000,0,1
237,237,0,00001a14,0,000060f8,c0000000,0,0
238,238,0,00001a18,0,000060f8,c0000000,0,1
239,239,0,00001a18,0,000060f8,c0000000,0,0
240,240,0,00001a1c,0,000060f8,c0000000,0,1
241,241,0,00001a1c,0,000060f8,c0000000,0,0
242,242,0,00001a20,0,000060f8,c0000000,0,1
243,243,0,00001a20,0,000060f8,c0000000,0,0
244,244,0,00001a24,0,000060f8,c0000000,0,1
245,245,0,00001a24,0,000060f8,c0000000,0,0
246,246,0,00001a28,0,000060f8,c0000000,0,0
247,247,0,00001a2c,0,000060f8,c0000000,0,0
248,248,0,00001a30,0,000060f8,c0000000,0,0
249,249,0,00004ba8,0,000060f8,c0000000,0,0
250,250,0,00004bac,0,000060f8,c0000000,0,0
251,251,0,00004bb0,0,000060f8,c0000000,0,0
252,252,0,000020b4,0,000060f8,c0000000,0,0
253,253,0,000020b8,0,000060f8,c0000000,0,0
254,254,0,000020bc,0,000060f8,c0000000,0,0
255,255,0,000020c0,0,000060f8,c0000000,0,1
256,256,0,000020c0,0,000060f8,c0000000,0,0
257,257,0,000020c4,0,000060f8,c0000000,0,0
258,258,0,000020c8,0,000060f8,c0000000,0,0
259,259,0,000020cc,44b9e57d,000060f8,c0000000,0,0
260,260,0,000020d0,44b9e57d,000060f8,c0000000,1,0
261,261,0,000020d4,44b9e57d,000060f8,c0000000,1,0
262,262,0,2134,44b9e57d,000060f8,c0000000,1,0
263,263,0,2138,44b9e57d,000060f8,c0000000,1,0
264,264,0,0000213c,44b9e57d,000060f8,c0000000,1,0
265,265,0,2140,44b9e57d,000060f8,c0000000,1,0
266,266,0,2150,44b9e57d,000060f8,c0000000,1,0
267,267,0,2154,44b9e57d,000060f8,c0000000,1,0
268,268,0,2158,44b9e57d,000060f8,c0000000,1,0
269,269,0,2168,44b9e57d,000060f8,c0000000,1,0
270,270,0,0000216c,44b9e57d,000060f8,c0000000,1,0
271,271,0,2170,44b9e57d,000060f8,c0000000,1,0
272,272,0,2174,44b9e57d,000060f8,c0000000,1,0
273,273,0,2178,44b9e57d,000060f8,c0000000,1,0
274,274,0,0000217c,44b9e57d,000060f8,0,1,0
275,275,0,2180,44b9e57d,000060f8,0,1,0
276,276,0,2184,44b9e57d,000060f8,0,1,0
277,277,0,2188,44b9e57d,000060f8,0,1,0
278,278,0,0000218c,44b9e57d,000060f8,0,1,0
279,279,0,2190,44b9e57d,000060f8,0,1,0
280,280,0,2194,44b9e57d,000060f8,0,1,0
281,281,0,2198,44b9e57d,10000,0,1,0
282,282,0,0000219c,44b9e57d,10000,0,1,0
283,283,0,000021a0,44b9e57d,10000,0,1,0
284,284,0,000021a4,44b9e57d,10000,0,1,0
285,285,0,000021a8,44b9e57d,10000,0,1,0
286,286,0,000021a8,44b9e57d,32,0,1,1
287,287,0,000021a8,44b9e57d,32,0,1,0
288,288,0,000021ac,44b9e57d,32,0,1,0
289,289,0,000021b0,44b9e57d,6,0,1,0
290,290,0,000021b4,44b9e57d,6,0,1,0
291,291,0,000021b8,44b9e57d,6,0,1,0
292,292,0,000021bc,44b9e57d,20,0,1,0
293,293,0,000021c0,44b9e57d,0000001a,0,1,0
294,294,0,000021c4,44b9e57d,0000001a,0,1,0
295,295,0,000021c8,44b9e57d,0000001a,4000000,1,0
296,296,0,000021cc,44b9e57d,0000001a,4000000,1,0
297,297,0,000021d0,44b9e57d,0000001a,4000000,1,0
298,298,0,000021d4,44b9e57d,0000001a,4000000,1,0
299,299,0,000021d4,44b9e57d,0000001a,4000000,1,0
300,300,0,000021d4,44b9e57d,0000001a,4000000,1,0
301,301,0,000021d4,44b9e57d,0000001a,4000000,1,0
302,302,0,000021d4,44b9e57d,0000001a,4000000,1,0
303,303,0,000021d4,44b9e57d,0000001a,4000000,1,0
304,304,0,000021d4,44b9e57d,0000001a,4000000,1,0
305,305,0,000021d4,44b9e57d,0000001a,4000000,1,0
306,306,0,000021d4,44b9e57d,0000001a,4000000,1,0
307,307,0,000021d4,44b9e57d,0000001a,4000000,1,0
308,308,0,000021d4,44b9e57d,0000001a,4000000,1,0
309,309,0,000021d4,44b9e57d,0000001a,4000000,1,0
310,310,0,000021d4,44b9e57d,0000001a,4000000,1,0
311,311,0,000021d4,44b9e57d,0000001a,4000000,1,0
312,312,0,000021d4,44b9e57d,0000001a,4000000,1,0
313,313,0,000021d4,44b9e57d,0000001a,4000000,1,0
314,314,0,000021d4,44b9e57d,0000001a,4000000,1,0
315,315,0,000021d4,44b9e57d,0000001a,4000000,1,0
316,316,0,000021d4,44b9e57d,0000001a,4000000,1,0
317,317,0,000021d4,44b9e57d,0000001a,4000000,1,0
318,318,0,000021d4,44b9e57d,0000001a,4000000,1,0
319,319,0,000021d4,44b9e57d,0000001a,4000000,1,0
320,320,0,000021d4,44b9e57d,0000001a,4000000,1,0
321,321,0,000021d4,44b9e57d,0000001a,4000000,1,0
322,322,0,000021d4,44b9e57d,0000001a,4000000,1,0
323,323,0,000021d4,44b9e57d,0000001a,4000000,1,0
324,324,0,000021d4,44b9e57d,0000001a,4000000,1,0
325,325,0,000021d4,44b9e57d,0000001a,4000000,1,0
326,326,0,000021d4,44b9e57d,0000001a,4000000,1,0
327,327,0,000021d4,44b9e57d,0000001a,4000000,1,0
328,328,0,000021d4,44b9e57d,0000001a,4000000,1,0
329,329,0,000021d4,44b9e57d,0000001a,4000000,1,0
330,330,0,000021d4,44b9e57d,0000001a,4000000,1,0
331,331,0,000021d4,44b9e57d,0000001a,4000000,1,0
332,332,0,000021d4,44b9e57d,0000001a,4000000,1,0
333,333,0,000021d4,44b9e57d,0000001a,4000000,1,0
334,334,0,000021d4,44b9e57d,0000001a,4000000,1,0
335,335,0,000021d8,44b9e57d,0000001a,4000000,1,0
336,336,0,000021dc,44b9e57d,0000001a,4000000,1,0
337,337,0,2.10E+01,44b9e57d,7795,4000000,1,0
338,338,0,2.10E+05,44b9e57d,7795,4000000,0,0
339,339,0,2.10E+05,44b9e57d,7795,4000000,0,0
340,340,0,2.10E+05,44b9e57d,7795,4000000,0,0
341,341,0,2.10E+05,44b9e57d,7795,4000000,0,0
342,342,0,2.10E+05,44b9e57d,7795,4000000,0,0
343,343,0,2.10E+05,44b9e57d,7795,4000000,0,0
344,344,0,2.10E+05,44b9e57d,7795,4000000,0,0
345,345,0,2.10E+05,44b9e57d,7795,4000000,0,0
346,346,0,2.10E+05,44b9e57d,7795,4000000,0,0
347,347,0,2.10E+05,44b9e57d,7795,4000000,0,0
348,348,0,2.10E+05,44b9e57d,7795,4000000,0,0
349,349,0,2.10E+05,44b9e57d,7795,4000000,0,0
350,350,0,2.10E+05,44b9e57d,7795,4000000,0,0
351,351,0,2.10E+05,44b9e57d,7795,4000000,0,0
352,352,0,2.10E+05,44b9e57d,7795,4000000,0,0
353,353,0,2.10E+05,44b9e57d,7795,4000000,0,0
354,354,0,2.10E+05,44b9e57d,7795,4000000,0,0
355,355,0,2.10E+05,44b9e57d,7795,4000000,0,0
356,356,0,2.10E+05,44b9e57d,7795,4000000,0,0
357,357,0,2.10E+05,44b9e57d,7795,4000000,0,0
358,358,0,2.10E+05,44b9e57d,7795,4000000,0,0
359,359,0,2.10E+05,44b9e57d,7795,4000000,0,0
360,360,0,2.10E+05,44b9e57d,7795,4000000,0,0
361,361,0,2.10E+05,44b9e57d,7795,4000000,0,0
362,362,0,2.10E+05,44b9e57d,7795,4000000,0,0
363,363,0,2.10E+05,44b9e57d,7795,4000000,0,0
364,364,0,2.10E+05,44b9e57d,7795,4000000,0,0
365,365,0,2.10E+05,44b9e57d,7795,4000000,0,0
366,366,0,2.10E+05,44b9e57d,7795,4000000,0,0
367,367,0,2.10E+05,44b9e57d,7795,4000000,0,0
368,368,0,2.10E+05,44b9e57d,7795,4000000,0,0
369,369,0,2.10E+05,44b9e57d,7795,4000000,0,0
370,370,0,2.10E+05,44b9e57d,7795,4000000,0,0
371,371,0,2.10E+05,44b9e57d,7795,4000000,0,0
372,372,0,2.10E+05,44b9e57d,7795,4000000,0,0
373,373,0,2.10E+05,44b9e57d,7795,4000000,0,0
374,374,0,2.10E+05,44b9e57d,7795,4000000,0,0
375,375,0,2.10E+09,44b9e57d,7795,4000000,0,0
376,376,0,000021ec,44b9e57d,7795,4000000,0,0
377,377,0,000021f0,44b9e57d,7795,4000000,0,0
378,378,0,000021f0,44b9e57d,77950000,4000000,0,0
379,379,0,000021f0,44b9e57d,77950000,4000000,0,0
380,380,0,000021f4,44b9e57d,77950000,4000000,0,0
381,381,0,000021f8,44b9e57d,77950000,4000000,0,0
382,382,0,000021fc,44b9e57d,77950000,0,0,0
383,383,0,2210,44b9e57d,0000067e,0,0,0
384,384,0,2214,44b9e57d,0000067e,0,0,0
385,385,0,2218,44b9e57d,0000067e,0,0,0
386,386,0,2218,44b9e57d,0000067e,0,0,0
387,387,0,2218,44b9e57d,0000067e,0,0,0
388,388,0,2218,44b9e57d,0000067e,0,0,0
389,389,0,2218,44b9e57d,0000067e,0,0,0
390,390,0,2218,44b9e57d,0000067e,0,0,0
391,391,0,2218,44b9e57d,0000067e,0,0,0
392,392,0,2218,44b9e57d,0000067e,0,0,0
393,393,0,2218,44b9e57d,0000067e,0,0,0
394,394,0,2218,44b9e57d,0000067e,0,0,0
395,395,0,2218,44b9e57d,0000067e,0,0,0
396,396,0,2218,44b9e57d,0000067e,0,0,0
397,397,0,2218,44b9e57d,0000067e,0,0,0
398,398,0,2218,44b9e57d,0000067e,0,0,0
399,399,0,2218,44b9e57d,0000067e,0,0,0
400,400,0,2218,44b9e57d,0000067e,0,0,0
401,401,0,2218,44b9e57d,0000067e,0,0,0
402,402,0,2218,44b9e57d,0000067e,0,0,0
403,403,0,2218,44b9e57d,0000067e,0,0,0
404,404,0,2218,44b9e57d,0000067e,0,0,0
405,405,0,2218,44b9e57d,0000067e,0,0,0
406,406,0,2218,44b9e57d,0000067e,0,0,0
407,407,0,2218,44b9e57d,0000067e,0,0,0
408,408,0,2218,44b9e57d,0000067e,0,0,0
409,409,0,2218,44b9e57d,0000067e,0,0,0
410,410,0,2218,44b9e57d,0000067e,0,0,0
411,411,0,2218,44b9e57d,0000067e,0,0,0
412,412,0,2218,44b9e57d,0000067e,0,0,0
413,413,0,2218,44b9e57d,0000067e,0,0,0
414,414,0,2218,44b9e57d,0000067e,0,0,0
415,415,0,2218,44b9e57d,0000067e,0,0,0
416,416,0,2218,44b9e57d,0000067e,0,0,0
417,417,0,2218,44b9e57d,0000067e,0,0,0
418,418,0,2218,44b9e57d,0000067e,0,0,0
419,419,0,2218,44b9e57d,0000067e,0,0,0
420,420,0,2218,44b9e57d,0000067e,0,0,0
421,421,0,2218,44b9e57d,0000067e,0,0,0
422,422,0,0000221c,44b9e57d,0000067e,0,0,0
423,423,0,2220,44b9e57d,0000067e,0,0,0
424,424,0,2224,44b9e57d,0000067e,0000ac00,0,0
425,425,0,2224,44b9e57d,0000067e,0000ac00,0,0
426,426,0,2224,44b9e57d,0000067e,0000ac00,0,0
427,427,0,2224,44b9e57d,0000067e,0000ac00,0,0
428,428,0,2224,44b9e57d,0000067e,0000ac00,0,0
429,429,0,2224,44b9e57d,0000067e,0000ac00,0,0
430,430,0,2224,44b9e57d,0000067e,0000ac00,0,0
431,431,0,2224,44b9e57d,0000067e,0000ac00,0,0
432,432,0,2224,44b9e57d,0000067e,0000ac00,0,0
433,433,0,2224,44b9e57d,0000067e,0000ac00,0,0
434,434,0,2224,44b9e57d,0000067e,0000ac00,0,0
435,435,0,2224,44b9e57d,0000067e,0000ac00,0,0
436,436,0,2224,44b9e57d,0000067e,0000ac00,0,0
437,437,0,2224,44b9e57d,0000067e,0000ac00,0,0
438,438,0,2224,44b9e57d,0000067e,0000ac00,0,0
439,439,0,2224,44b9e57d,0000067e,0000ac00,0,0
440,440,0,2224,44b9e57d,0000067e,0000ac00,0,0
441,441,0,2224,44b9e57d,0000067e,0000ac00,0,0
442,442,0,2224,44b9e57d,0000067e,0000ac00,0,0
443,443,0,2224,44b9e57d,0000067e,0000ac00,0,0
444,444,0,2224,44b9e57d,0000067e,0000ac00,0,0
445,445,0,2224,44b9e57d,0000067e,0000ac00,0,0
446,446,0,2224,44b9e57d,0000067e,0000ac00,0,0
447,447,0,2224,44b9e57d,0000067e,0000ac00,0,0
448,448,0,2224,44b9e57d,0000067e,0000ac00,0,0
449,449,0,2224,44b9e57d,0000067e,0000ac00,0,0
450,450,0,2224,44b9e57d,0000067e,0000ac00,0,0
451,451,0,2224,44b9e57d,0000067e,0000ac00,0,0
452,452,0,2224,44b9e57d,0000067e,0000ac00,0,0
453,453,0,2224,44b9e57d,0000067e,0000ac00,0,0
454,454,0,2224,44b9e57d,0000067e,0000ac00,0,0
455,455,0,2224,44b9e57d,0000067e,0000ac00,0,0
456,456,0,2224,44b9e57d,0000067e,0000ac00,0,0
457,457,0,2224,44b9e57d,0000067e,0000ac00,0,0
458,458,0,2224,44b9e57d,0000067e,0000ac00,0,0
459,459,0,2224,44b9e57d,0000067e,0000ac00,0,0
460,460,0,2224,44b9e57d,0000067e,0000ac00,0,0
461,461,0,2228,44b9e57d,0000067e,0000ac00,0,0
462,462,0,0000222c,44b9e57d,0000067e,0000ac00,0,0
463,463,0,2230,44b9e57d,0000067e,0000ac00,0,0
464,464,0,2230,44b9e57d,0000067e,ac000000,0,0
465,465,0,2230,44b9e57d,0000067e,ac000000,0,0
466,466,0,2234,44b9e57d,0000067e,ac000000,0,0
467,467,0,2238,44b9e57d,0000067e,ac000000,0,0
468,468,0,0000223c,44b9e57d,0000067e,ac000000,0,0
469,469,0,0000224c,9911,0000067e,ac000000,0,0
470,470,0,2250,9911,0000067e,ac000000,0,0
471,471,0,2254,9911,0000067e,ac000000,0,0
472,472,0,2258,9911,0000067e,ac000000,0,0
473,473,0,0000225c,9911,6.70E+01,ac000000,0,0
474,474,0,2260,9911,067e9911,ac000000,0,0
475,475,0,0000233c,9911,067e9911,ac000000,0,0
476,476,0,2340,9911,067e9911,ac000000,0,0
477,477,0,2344,9911,067e9911,ac000000,0,0
478,478,0,2348,9911,067e9911,ac000000,0,0
479,479,0,0000234c,067e9911,067e9911,ac000000,0,0
480,480,0,2358,067e9911,067e9911,ac000000,0,0
481,481,0,0000235c,067e9911,067e9911,ac000000,0,0
482,482,0,2360,067e9911,067e9911,ac000000,0,0
483,483,0,000020d0,067e9911,067e9911,ac000000,0,0
484,484,0,000020d4,067e9911,067e9911,ac000000,0,0
485,485,0,000020d8,067e9911,067e9911,ac000000,0,1
486,486,0,000020d8,067e9911,067e9911,ac000000,0,0
487,487,0,000020dc,067e9911,067e9911,ac000000,0,0
488,488,0,2.00E+01,067e9911,067e9911,ac000000,0,0
489,489,0,00004bac,067e9911,067e9911,ac000000,0,0
490,490,0,00004bb0,067e9911,067e9911,ac000000,0,0
491,491,0,00004bb4,067e9911,067e9911,ac000000,0,0
492,492,0,00004bb8,067e9911,067e9911,ac000000,0,1
493,493,0,00004bb8,067e9911,7000,ac000000,0,0
494,494,0,00004bbc,067e9911,7000,ac000000,0,0
495,495,0,00004bc0,067e9911,7000,ac000000,0,0
496,496,0,00004bc4,067e9911,000f4241,ac000000,0,0
497,497,0,00004bc8,067e9911,000f4241,ac000000,0,0
498,498,0,00004bcc,067e9911,000f4241,ac000000,0,0
499,499,0,00004bd0,067e9911,000f4241,ac000000,0,0
500,500,0,00004bd4,067e9911,000f4241,ac000000,0,0
501,501,0,00004bd8,067e9911,000f4241,ac000000,0,0
502,502,0,00004bdc,067e9911,000f4241,ac000000,0,0
503,503,0,00004be0,067e9911,000f4241,ac000000,0,1
504,504,0,00004be0,067e9911,000f4241,ac000000,0,0
505,505,0,00004be4,067e9911,000f4241,ac000000,0,0
506,506,0,00004be8,067e9911,000f4241,ac000000,0,0
507,507,0,00004bec,067e9911,6000,ac000000,0,0
508,508,0,00004bf0,067e9911,6000,ac000000,000060fc,1
509,509,0,00004bf0,067e9911,41,ac000000,000060fc,0
510,510,0,00004bf4,067e9911,41,ac000000,000060fc,0
511,511,0,00004bf8,067e9911,41,ac000000,000060fc,0
512,512,1,00004bfc,0000ff90,41,ac000000,000060fc,1
513,513,0,00004bfc,0000ff90,42,ac000000,000060fc,0
514,514,0,00004c00,0000ff90,42,ac000000,000060fc,1
515,515,0,00004c00,0000ff90,42,ac000000,000060fc,0
516,516,0,00004c04,0000ff90,42,ac000000,000060fc,0
517,517,0,1.00E+98,0000ff90,42,ac000000,000060fc,0
518,518,0,00001e9c,0000ff90,42,ac000000,000060fc,0
519,519,0,00001ea0,0000ff90,42,ac000000,000060fc,1
520,520,0,00001ea0,0000ff90,42,ac000000,000060fc,0
521,521,0,00001ea4,0000ff90,42,ac000000,000060fc,0
522,522,0,00001ea8,0000ff90,44,ac000000,000060fc,0
523,523,0,00001eac,0000ff90,44,0000ff90,000060fc,0
524,524,0,00001eb0,0000ff90,44,0000ff90,000060fc,0
525,525,0,00001eb4,0000ff90,44,0000ff91,000060fc,1
526,526,0,00001eb4,0000ff90,44,0000ff91,000060fd,0
527,527,0,00001eb4,0000ff90,44,0000ff91,000060fd,1
528,528,0,00001eb4,0000ff90,44,0000ff91,000060fd,0
529,529,0,00001eb8,0000ff90,44,0000ff91,000060fd,0
530,530,0,00001ebc,0000ff90,48,0000ff91,000060fd,0
531,531,0,00001ea4,0000ff90,48,0000ff91,000060fd,0
532,532,0,00001ea8,0000ff90,48,0000ff91,000060fd,0
533,533,0,00001eac,0000ff90,48,0000ff91,000060fd,0
534,534,0,00001eb0,0000ff90,48,0000ff91,000060fd,0
535,535,0,00001eb4,0000ff90,48,0000ff92,000060fd,1
536,536,0,00001eb4,0000ff90,48,0000ff92,000060fe,0
537,537,0,00001eb4,0000ff90,48,0000ff92,000060fe,1
538,538,0,00001eb4,0000ff90,48,0000ff92,000060fe,0
539,539,0,00001ea4,0000ff90,48,0000ff92,000060fe,0
540,540,0,00001ea8,0000ff90,52,0000ff92,000060fe,0
541,541,0,00001eac,0000ff90,52,0000ff92,000060fe,0
542,542,0,00001eb0,0000ff90,52,0000ff92,000060fe,0
543,543,0,00001eb4,0000ff90,52,0000ff93,000060fe,1
544,544,0,00001eb4,0000ff90,52,0000ff93,000060ff,0
545,545,0,00001eb4,0000ff90,52,0000ff93,000060ff,1
546,546,0,00001eb4,0000ff90,52,0000ff93,000060ff,0
547,547,0,00001ea4,0000ff90,52,0000ff93,000060ff,0
548,548,0,00001ea8,0000ff90,59,0000ff93,000060ff,0
549,549,0,00001eac,0000ff90,59,0000ff93,000060ff,0
550,550,0,00001eb0,0000ff90,59,0000ff93,000060ff,0
551,551,0,00001eb4,0000ff90,59,0000ff94,000060ff,1
552,552,0,00001eb4,0000ff90,59,0000ff94,6100,0
553,553,0,00001eb4,0000ff90,59,0000ff94,6100,1
554,554,0,00001eb4,0000ff90,59,0000ff94,6100,0
555,555,0,00001ea4,0000ff90,59,0000ff94,6100,0
556,556,0,00001ea8,0000ff90,53,0000ff94,6100,0
557,557,0,00001eac,0000ff90,53,0000ff94,6100,0
558,558,0,00001eb0,0000ff90,53,0000ff94,6100,0
559,559,0,00001eb4,0000ff90,53,0000ff95,6100,1
560,560,0,00001eb4,0000ff90,53,0000ff95,6101,0
561,561,0,00001eb4,0000ff90,53,0000ff95,6101,1
562,562,0,00001eb4,0000ff90,53,0000ff95,6101,0
563,563,0,00001ea4,0000ff90,53,0000ff95,6101,0
564,564,0,00001ea8,0000ff90,54,0000ff95,6101,0
565,565,0,00001eac,0000ff90,54,0000ff95,6101,0
566,566,0,00001eb0,0000ff90,54,0000ff95,6101,0
567,567,0,00001eb4,0000ff90,54,0000ff96,6101,1
568,568,0,00001eb4,0000ff90,54,0000ff96,6102,0
569,569,0,00001eb4,0000ff90,54,0000ff96,6102,1
570,570,0,00001eb4,0000ff90,54,0000ff96,6102,0
571,571,0,00001ea4,0000ff90,54,0000ff96,6102,0
572,572,0,00001ea8,0000ff90,0000004f,0000ff96,6102,0
573,573,0,00001eac,0000ff90,0000004f,0000ff96,6102,0
574,574,0,00001eb0,0000ff90,0000004f,0000ff96,6102,0
575,575,0,00001eb4,0000ff90,0000004f,0000ff97,6102,1
576,576,0,00001eb4,0000ff90,0000004f,0000ff97,6103,0
577,577,0,00001eb4,0000ff90,0000004f,0000ff97,6103,1
578,578,0,00001eb4,0000ff90,0000004f,0000ff97,6103,0
579,579,0,00001ea4,0000ff90,0000004f,0000ff97,6103,0
580,580,0,00001ea8,0000ff90,0000004e,0000ff97,6103,0
581,581,0,00001eac,0000ff90,0000004e,0000ff97,6103,0
582,582,0,00001eb0,0000ff90,0000004e,0000ff97,6103,0
583,583,0,00001eb4,0000ff90,0000004e,0000ff98,6103,1
584,584,0,00001eb4,0000ff90,0000004e,0000ff98,6104,0
585,585,0,00001eb4,0000ff90,0000004e,0000ff98,6104,1
586,586,0,00001eb4,0000ff90,0000004e,0000ff98,6104,0
587,587,0,00001ea4,0000ff90,0000004e,0000ff98,6104,0
588,588,0,00001ea8,0000ff90,45,0000ff98,6104,0
589,589,0,00001eac,0000ff90,45,0000ff98,6104,0
590,590,0,00001eb0,0000ff90,45,0000ff98,6104,0
591,591,0,00001eb4,0000ff90,45,0000ff99,6104,1
592,592,0,00001eb4,0000ff90,45,0000ff99,6105,0
593,593,0,00001eb4,0000ff90,45,0000ff99,6105,1
594,594,0,00001eb4,0000ff90,45,0000ff99,6105,0
595,595,0,00001ea4,0000ff90,45,0000ff99,6105,0
596,596,0,00001ea8,0000ff90,20,0000ff99,6105,0
597,597,0,00001eac,0000ff90,20,0000ff99,6105,0
598,598,0,00001eb0,0000ff90,20,0000ff99,6105,0
599,599,0,00001eb4,0000ff90,20,0000ff9a,6105,1
600,600,0,00001eb4,0000ff90,20,0000ff9a,6106,0
601,601,0,00001eb4,0000ff90,20,0000ff9a,6106,1
602,602,0,00001eb4,0000ff90,20,0000ff9a,6106,0
603,603,0,00001ea4,0000ff90,20,0000ff9a,6106,0
604,604,0,00001ea8,0000ff90,50,0000ff9a,6106,0
605,605,0,00001eac,0000ff90,50,0000ff9a,6106,0
606,606,0,00001eb0,0000ff90,50,0000ff9a,6106,0
607,607,0,00001eb4,0000ff90,50,0000ff9b,6106,1
608,608,0,00001eb4,0000ff90,50,0000ff9b,6107,0
609,609,0,00001eb4,0000ff90,50,0000ff9b,6107,1
610,610,0,00001eb4,0000ff90,50,0000ff9b,6107,0
611,611,0,00001ea4,0000ff90,50,0000ff9b,6107,0
612,612,0,00001ea8,0000ff90,52,0000ff9b,6107,0
613,613,0,00001eac,0000ff90,52,0000ff9b,6107,0
614,614,0,00001eb0,0000ff90,52,0000ff9b,6107,0
615,615,0,00001eb4,0000ff90,52,0000ff9c,6107,1
616,616,0,00001eb4,0000ff90,52,0000ff9c,6108,0
617,617,0,00001eb4,0000ff90,52,0000ff9c,6108,1
618,618,0,00001eb4,0000ff90,52,0000ff9c,6108,0
619,619,0,00001ea4,0000ff90,52,0000ff9c,6108,0
620,620,0,00001ea8,0000ff90,0000004f,0000ff9c,6108,0
621,621,0,00001eac,0000ff90,0000004f,0000ff9c,6108,0
622,622,0,00001eb0,0000ff90,0000004f,0000ff9c,6108,0
623,623,0,00001eb4,0000ff90,0000004f,0000ff9d,6108,1
624,624,0,00001eb4,0000ff90,0000004f,0000ff9d,6109,0
625,625,0,00001eb4,0000ff90,0000004f,0000ff9d,6109,1
626,626,0,00001eb4,0000ff90,0000004f,0000ff9d,6109,0
627,627,0,00001ea4,0000ff90,0000004f,0000ff9d,6109,0
628,628,0,00001ea8,0000ff90,47,0000ff9d,6109,0
629,629,0,00001eac,0000ff90,47,0000ff9d,6109,0
630,630,0,00001eb0,0000ff90,47,0000ff9d,6109,0
631,631,0,00001eb4,0000ff90,47,0000ff9e,6109,1
632,632,0,00001eb4,0000ff90,47,0000ff9e,0000610a,0
633,633,0,00001eb4,0000ff90,47,0000ff9e,0000610a,1
634,634,0,00001eb4,0000ff90,47,0000ff9e,0000610a,0
635,635,0,00001ea4,0000ff90,47,0000ff9e,0000610a,0
636,636,0,00001ea8,0000ff90,52,0000ff9e,0000610a,0
637,637,0,00001eac,0000ff90,52,0000ff9e,0000610a,0
638,638,0,00001eb0,0000ff90,52,0000ff9e,0000610a,0
639,639,0,00001eb4,0000ff90,52,0000ff9f,0000610a,1
640,640,0,00001eb4,0000ff90,52,0000ff9f,0000610b,0
641,641,0,00001eb4,0000ff90,52,0000ff9f,0000610b,1
642,642,0,00001eb4,0000ff90,52,0000ff9f,0000610b,0
643,643,0,00001ea4,0000ff90,52,0000ff9f,0000610b,0
644,644,0,00001ea8,0000ff90,41,0000ff9f,0000610b,0
645,645,0,00001eac,0000ff90,41,0000ff9f,0000610b,0
646,646,0,00001eb0,0000ff90,41,0000ff9f,0000610b,0
647,647,0,00001eb4,0000ff90,41,0000ffa0,0000610b,1
648,648,0,00001eb4,0000ff90,41,0000ffa0,0000610c,0
649,649,0,00001eb4,0000ff90,41,0000ffa0,0000610c,1
650,650,0,00001eb4,0000ff90,41,0000ffa0,0000610c,0
651,651,0,00001ea4,0000ff90,41,0000ffa0,0000610c,0
652,652,0,00001ea8,0000ff90,0000004d,0000ffa0,0000610c,0
653,653,0,00001eac,0000ff90,0000004d,0000ffa0,0000610c,0
654,654,0,00001eb0,0000ff90,0000004d,0000ffa0,0000610c,0
655,655,0,00001eb4,0000ff90,0000004d,0000ffa1,0000610c,1
656,656,0,00001eb4,0000ff90,0000004d,0000ffa1,0000610d,0
657,657,0,00001eb4,0000ff90,0000004d,0000ffa1,0000610d,1
658,658,0,00001eb4,0000ff90,0000004d,0000ffa1,0000610d,0
659,659,0,00001ea4,0000ff90,0000004d,0000ffa1,0000610d,0
660,660,0,00001ea8,0000ff90,0000002c,0000ffa1,0000610d,0
661,661,0,00001eac,0000ff90,0000002c,0000ffa1,0000610d,0
662,662,0,00001eb0,0000ff90,0000002c,0000ffa1,0000610d,0
663,663,0,00001eb4,0000ff90,0000002c,0000ffa2,0000610d,1
664,664,0,00001eb4,0000ff90,0000002c,0000ffa2,0000610e,0
665,665,0,00001eb4,0000ff90,0000002c,0000ffa2,0000610e,1
666,666,0,00001eb4,0000ff90,0000002c,0000ffa2,0000610e,0
667,667,0,00001ea4,0000ff90,0000002c,0000ffa2,0000610e,0
668,668,0,00001ea8,0000ff90,20,0000ffa2,0000610e,0
669,669,0,00001eac,0000ff90,20,0000ffa2,0000610e,0
670,670,0,00001eb0,0000ff90,20,0000ffa2,0000610e,0
671,671,0,00001eb4,0000ff90,20,0000ffa3,0000610e,1
672,672,0,00001eb4,0000ff90,20,0000ffa3,0000610f,0
673,673,0,00001eb4,0000ff90,20,0000ffa3,0000610f,1
674,674,0,00001eb4,0000ff90,20,0000ffa3,0000610f,0
675,675,0,00001ea4,0000ff90,20,0000ffa3,0000610f,0
676,676,0,00001ea8,0000ff90,32,0000ffa3,0000610f,0
677,677,0,00001eac,0000ff90,32,0000ffa3,0000610f,0
678,678,0,00001eb0,0000ff90,32,0000ffa3,0000610f,0
679,679,0,00001eb4,0000ff90,32,0000ffa4,0000610f,1
680,680,0,00001eb4,0000ff90,32,0000ffa4,6110,0
681,681,0,00001eb4,0000ff90,32,0000ffa4,6110,1
682,682,0,00001eb4,0000ff90,32,0000ffa4,6110,0
683,683,0,00001ea4,0000ff90,32,0000ffa4,6110,0
684,684,0,00001ea8,0000ff90,27,0000ffa4,6110,0
685,685,0,00001eac,0000ff90,27,0000ffa4,6110,0
686,686,0,00001eb0,0000ff90,27,0000ffa4,6110,0
687,687,0,00001eb4,0000ff90,27,0000ffa5,6110,1
688,688,0,00001eb4,0000ff90,27,0000ffa5,6111,0
689,689,0,00001eb4,0000ff90,27,0000ffa5,6111,1
690,690,0,00001eb4,0000ff90,27,0000ffa5,6111,0
691,691,0,00001ea4,0000ff90,27,0000ffa5,6111,0
692,692,0,00001ea8,0000ff90,0000004e,0000ffa5,6111,0
693,693,0,00001eac,0000ff90,0000004e,0000ffa5,6111,0
694,694,0,00001eb0,0000ff90,0000004e,0000ffa5,6111,0
695,695,0,00001eb4,0000ff90,0000004e,0000ffa6,6111,1
696,696,0,00001eb4,0000ff90,0000004e,0000ffa6,6112,0
697,697,0,00001eb4,0000ff90,0000004e,0000ffa6,6112,1
698,698,0,00001eb4,0000ff90,0000004e,0000ffa6,6112,0
699,699,0,00001ea4,0000ff90,0000004e,0000ffa6,6112,0
700,700,0,00001ea8,0000ff90,44,0000ffa6,6112,0
701,701,0,00001eac,0000ff90,44,0000ffa6,6112,0
702,702,0,00001eb0,0000ff90,44,0000ffa6,6112,0
703,703,0,00001eb4,0000ff90,44,0000ffa7,6112,1
704,704,0,00001eb4,0000ff90,44,0000ffa7,6113,0
705,705,0,00001eb4,0000ff90,44,0000ffa7,6113,1
706,706,0,00001eb4,0000ff90,44,0000ffa7,6113,0
707,707,0,00001ea4,0000ff90,44,0000ffa7,6113,0
708,708,0,00001ea8,0000ff90,20,0000ffa7,6113,0
709,709,0,00001eac,0000ff90,20,0000ffa7,6113,0
710,710,0,00001eb0,0000ff90,20,0000ffa7,6113,0
711,711,0,00001eb4,0000ff90,20,0000ffa8,6113,1
712,712,0,00001eb4,0000ff90,20,0000ffa8,6114,0
713,713,0,00001eb4,0000ff90,20,0000ffa8,6114,1
714,714,0,00001eb4,0000ff90,20,0000ffa8,6114,0
715,715,0,00001ea4,0000ff90,20,0000ffa8,6114,0
716,716,0,00001ea8,0000ff90,53,0000ffa8,6114,0
717,717,0,00001eac,0000ff90,53,0000ffa8,6114,0
718,718,0,00001eb0,0000ff90,53,0000ffa8,6114,0
719,719,0,00001eb4,0000ff90,53,0000ffa9,6114,1
720,720,0,00001eb4,0000ff90,53,0000ffa9,6115,0
721,721,0,00001eb4,0000ff90,53,0000ffa9,6115,1
722,722,0,00001eb4,0000ff90,53,0000ffa9,6115,0
723,723,0,00001ea4,0000ff90,53,0000ffa9,6115,0
724,724,0,00001ea8,0000ff90,54,0000ffa9,6115,0
725,725,0,00001eac,0000ff90,54,0000ffa9,6115,0
726,726,0,00001eb0,0000ff90,54,0000ffa9,6115,0
727,727,0,00001eb4,0000ff90,54,0000ffaa,6115,1
728,728,0,00001eb4,0000ff90,54,0000ffaa,6116,0
729,729,0,00001eb4,0000ff90,54,0000ffaa,6116,1
730,730,0,00001eb4,0000ff90,54,0000ffaa,6116,0
731,731,0,00001ea4,0000ff90,54,0000ffaa,6116,0
732,732,0,00001ea8,0000ff90,52,0000ffaa,6116,0
733,733,0,00001eac,0000ff90,52,0000ffaa,6116,0
734,734,0,00001eb0,0000ff90,52,0000ffaa,6116,0
735,735,0,00001eb4,0000ff90,52,0000ffab,6116,1
736,736,0,00001eb4,0000ff90,52,0000ffab,6117,0
737,737,0,00001eb4,0000ff90,52,0000ffab,6117,1
738,738,0,00001eb4,0000ff90,52,0000ffab,6117,0
739,739,0,00001ea4,0000ff90,52,0000ffab,6117,0
740,740,0,00001ea8,0000ff90,49,0000ffab,6117,0
741,741,0,00001eac,0000ff90,49,0000ffab,6117,0
742,742,0,00001eb0,0000ff90,49,0000ffab,6117,0
743,743,0,00001eb4,0000ff90,49,0000ffac,6117,1
744,744,0,00001eb4,0000ff90,49,0000ffac,6118,0
745,745,0,00001eb4,0000ff90,49,0000ffac,6118,1
746,746,0,00001eb4,0000ff90,49,0000ffac,6118,0
747,747,0,00001ea4,0000ff90,49,0000ffac,6118,0
748,748,0,00001ea8,0000ff90,0000004e,0000ffac,6118,0
749,749,0,00001eac,0000ff90,0000004e,0000ffac,6118,0
750,750,0,00001eb0,0000ff90,0000004e,0000ffac,6118,0
751,751,0,00001eb4,0000ff90,0000004e,0000ffad,6118,1
752,752,0,00001eb4,0000ff90,0000004e,0000ffad,6119,0
753,753,0,00001eb4,0000ff90,0000004e,0000ffad,6119,1
754,754,0,00001eb4,0000ff90,0000004e,0000ffad,6119,0
755,755,0,00001ea4,0000ff90,0000004e,0000ffad,6119,0
756,756,0,00001ea8,0000ff90,47,0000ffad,6119,0
757,757,0,00001eac,0000ff90,47,0000ffad,6119,0
758,758,0,00001eb0,0000ff90,47,0000ffad,6119,0
759,759,0,00001eb4,0000ff90,47,0000ffae,6119,1
760,760,0,00001eb4,0000ff90,47,0000ffae,0000611a,0
761,761,0,00001eb4,0000ff90,47,0000ffae,0000611a,1
762,762,0,00001eb4,0000ff90,47,0000ffae,0000611a,0
763,763,0,00001ea4,0000ff90,47,0000ffae,0000611a,0
764,764,0,00001ea8,0000ff90,0,0000ffae,0000611a,0
765,765,0,00001eb8,0000ff90,0,0000ffae,0000611a,0
766,766,0,00001ebc,0000ff90,0,0000ffae,0000611a,0
767,767,0,00001ec0,0000ff90,0,0000ffae,0000611a,1
768,768,0,00001ec0,0000ff90,0,0000ffae,0000611a,0
769,769,0,00001ec4,0000ff90,0,0000ffae,0000611a,0
770,770,0,00004c00,0000ff90,0,0000ffae,0000611a,0
771,771,0,00004c04,0000ff90,0,0000ffae,0000611a,0
772,772,0,00004c08,0000ff90,0,0000ffae,0000611a,0
773,773,0,00004c0c,0000ff90,0,0000ffae,0000611a,0
774,774,0,00004c10,0000ff90,0,0000ffae,0000ff90,1
775,775,0,00004c10,0000ff70,0,0000ffae,0000ff90,0
776,776,0,00004c14,0000ff70,0,0000ffae,0000ff90,0
777,777,0,1324,0000ff70,0,0000ffae,0000ff90,0
778,778,0,1328,0000ff70,0,0000ffae,0000ff90,0
779,779,0,0000132c,0000ff70,0,0000ffae,0000ff90,0
780,780,0,1330,0000ff70,0,0000ffae,0000ff90,1
781,781,0,1330,0000ff70,0,0000ffae,0000ff90,0
782,782,0,1334,0000ff70,0,0000ffae,0000ff90,0
783,783,0,1338,0000ff70,0,0000ffae,0000ff90,1
784,784,0,1338,0000ff70,0,0000ffae,0000ff90,0
785,785,0,0000133c,0000ff70,0,0000ffae,0000ff90,1
786,786,0,0000133c,0000ff70,52,0000ffae,0000ff90,0
787,787,0,1340,0000ff70,52,0000ffae,0000ff90,1
788,788,0,1340,0000ff70,52,59,0000ff90,0
789,789,0,1344,0000ff70,52,59,0000ff90,0
790,790,0,1348,0000ff70,52,59,0000ff90,0
791,791,0,0000134c,0000ff70,52,59,0000ff90,0
792,792,0,0000134c,0000ff70,52,59,0000ff90,0
793,793,0,1350,0000ff70,52,59,0000ff90,0
794,794,0,1354,0000ff70,52,59,0000ff90,0
795,795,0,00001fb0,0000ff70,52,59,0000ff90,0
796,796,0,00001fb4,0000ff70,52,59,0000ff90,0
797,797,0,00001fb8,0000ff70,52,59,0000ff90,0
798,798,0,00001fbc,0000ff70,52,59,0000ff90,0
799,799,0,00001fc0,0000ff70,52,59,0000ff90,0
800,800,0,00001fc4,0000ff70,52,0000ff6e,0000ff90,0
801,801,0,00001ff4,0000ff70,0000ff8e,0000ff6e,0000ff90,0
802,802,0,00001ff8,0000ff70,0000ff8e,0000ff6e,0000ff90,0
803,803,0,00001ffc,0000ff70,0000ff8e,0000ff6e,0000ff90,1
804,804,0,00001ffc,0000ff70,0000ff8e,0000ff6e,0000ff90,0
805,805,0,2000,0000ff70,0000ff8e,0000ff6e,0000ff90,1
806,806,0,2000,0000ff70,0000ff8e,0000ff6e,0000ff90,0
807,807,0,2004,0000ff70,0000ff8e,0000ff6e,0000ff90,0
808,808,0,2008,0000ff70,0000ff8e,0000ff6e,0000ff90,0
809,809,0,0000200c,0000ff70,0000ff8e,0000ff6e,0000ff90,0
810,810,0,00001fc0,0000ff70,0000ff8e,0000ff6e,0000ff90,0
811,811,0,00001fc4,0000ff70,0000ff8e,0000ff6e,0000ff90,0
812,812,0,00001fc8,0000ff70,0000ff8e,0000ff6e,0000ff90,0
813,813,0,00001fcc,0000ff70,0000ff8e,0000ff6e,0000ff90,0
814,814,0,00001fd0,0000ff70,0000ff8e,0000ff6e,0000ff90,0
815,815,0,00001fd4,0000ff70,0000ff8e,0000ff71,0000ff90,1
816,816,0,00001fd4,0000ff70,0000ff91,0000ff71,0000ff90,0
817,817,0,00001fd4,0000ff70,0000ff91,0000ff71,0000ff90,1
818,818,0,00001fd4,0000ff70,0000ff91,0000ff71,0000ff90,0
819,819,0,00001fd8,0000ff70,0000ff91,0000ff71,0000ff90,0
820,820,0,00001fdc,0000ff70,0000ff91,0000ff71,0000ff90,0
821,821,0,00001fe0,0000ff70,0000ff91,0000ff71,0000ff90,0
822,822,0,00001fe4,0000ff70,0000ff91,0000ff71,0000ff90,1
823,823,0,00001fe4,0000ff70,0000ff91,0000ff71,0000ff90,0
824,824,0,00001fe8,0000ff70,0000ff91,0000ff71,0000ff90,1
825,825,0,00001fe8,0000ff70,0000ff91,0000ff71,0000ff90,0
826,826,0,00001fec,0000ff70,0000ff91,0000ff71,0000ff90,0
827,827,0,00001ff0,0000ff70,0000ff91,0000ff71,0000ff90,0
828,828,0,00001ff4,0000ff70,0000ff91,0000ff71,0000ff90,0
829,829,0,00001ff8,0000ff70,0000ff91,0000ff71,0000ff93,0
830,830,0,00001ffc,0000ff70,0000ff91,0000ff71,0000ff93,1
831,831,0,00001ffc,0000ff70,0000ff91,0000ff71,0000ff93,0
832,832,0,2000,0000ff70,0000ff91,0000ff71,0000ff93,1
833,833,0,2000,0000ff70,0000ff91,0000ff71,0000ff93,0
834,834,0,2004,0000ff70,0000ff91,0000ff71,0000ff93,0
835,835,0,00001fc0,0000ff70,0000ff91,0000ff71,0000ff93,0
836,836,0,00001fc4,0000ff70,0000ff91,0000ff71,0000ff93,0
837,837,0,00001fc8,0000ff70,0000ff91,0000ff71,0000ff93,0
838,838,0,00001fcc,0000ff70,0000ff91,0000ff71,0000ff93,0
839,839,0,00001fd0,0000ff70,0000ff91,0000ff71,0000ff93,0
840,840,0,00001fd4,0000ff70,0000ff91,0000ff74,0000ff93,1
841,841,0,00001fd4,0000ff70,0000ff94,0000ff74,0000ff93,0
842,842,0,00001fd4,0000ff70,0000ff94,0000ff74,0000ff93,1
843,843,0,00001fd4,0000ff70,0000ff94,0000ff74,0000ff93,0
844,844,0,00001fd8,0000ff70,0000ff94,0000ff74,0000ff93,0
845,845,0,00001fdc,0000ff70,0000ff94,0000ff74,0000ff93,0
846,846,0,00001fe0,0000ff70,0000ff94,0000ff74,0000ff93,0
847,847,0,00001fe4,0000ff70,0000ff94,0000ff74,0000ff93,1
848,848,0,00001fe4,0000ff70,0000ff94,0000ff74,0000ff93,0
849,849,0,00001fe8,0000ff70,0000ff94,0000ff74,0000ff93,1
850,850,0,00001fe8,0000ff70,0000ff94,0000ff74,0000ff93,0
851,851,0,00001fec,0000ff70,0000ff94,0000ff74,0000ff93,0
852,852,0,00001ff0,0000ff70,0000ff94,0000ff74,0000ff93,0
853,853,0,00001ff4,0000ff70,0000ff94,0000ff74,0000ff93,0
854,854,0,00001ff8,0000ff70,0000ff94,0000ff74,0000ff96,0
855,855,0,00001ffc,0000ff70,0000ff94,0000ff74,0000ff96,1
856,856,0,00001ffc,0000ff70,0000ff94,0000ff74,0000ff96,0
857,857,0,2000,0000ff70,0000ff94,0000ff74,0000ff96,1
858,858,0,2000,0000ff70,0000ff94,0000ff74,0000ff96,0
859,859,0,2004,0000ff70,0000ff94,0000ff74,0000ff96,0
860,860,0,00001fc0,0000ff70,0000ff94,0000ff74,0000ff96,0
861,861,0,00001fc4,0000ff70,0000ff94,0000ff74,0000ff96,0
862,862,0,00001fc8,0000ff70,0000ff94,0000ff74,0000ff96,0
863,863,0,00001fcc,0000ff70,0000ff94,0000ff74,0000ff96,0
864,864,0,00001fd0,0000ff70,0000ff94,0000ff74,0000ff96,0
865,865,0,00001fd4,0000ff70,0000ff94,0000ff77,0000ff96,1
866,866,0,00001fd4,0000ff70,0000ff97,0000ff77,0000ff96,0
867,867,0,00001fd4,0000ff70,0000ff97,0000ff77,0000ff96,1
868,868,0,00001fd4,0000ff70,0000ff97,0000ff77,0000ff96,0
869,869,0,00001fd8,0000ff70,0000ff97,0000ff77,0000ff96,0
870,870,0,00001fdc,0000ff70,0000ff97,0000ff77,0000ff96,0
871,871,0,00001fe0,0000ff70,0000ff97,0000ff77,0000ff96,0
872,872,0,00001fe4,0000ff70,0000ff97,0000ff77,0000ff96,1
873,873,0,00001fe4,0000ff70,0000ff97,0000ff77,0000ff96,0
874,874,0,00001fe8,0000ff70,0000ff97,0000ff77,0000ff96,1
875,875,0,00001fe8,0000ff70,0000ff97,0000ff77,0000ff96,0
876,876,0,00001fec,0000ff70,0000ff97,0000ff77,0000ff96,0
877,877,0,00001ff0,0000ff70,0000ff97,0000ff77,0000ff96,0
878,878,0,00001ff4,0000ff70,0000ff97,0000ff77,0000ff96,0
879,879,0,00001ff8,0000ff70,0000ff97,0000ff77,0000ff99,0
880,880,0,00001ffc,0000ff70,0000ff97,0000ff77,0000ff99,1
881,881,0,00001ffc,0000ff70,0000ff97,0000ff77,0000ff99,0
882,882,0,2000,0000ff70,0000ff97,0000ff77,0000ff99,1
883,883,0,2000,0000ff70,0000ff97,0000ff77,0000ff99,0
884,884,0,2004,0000ff70,0000ff97,0000ff77,0000ff99,0
885,885,0,00001fc0,0000ff70,0000ff97,0000ff77,0000ff99,0
886,886,0,00001fc4,0000ff70,0000ff97,0000ff77,0000ff99,0
887,887,0,00001fc8,0000ff70,0000ff97,0000ff77,0000ff99,0
888,888,0,00001fcc,0000ff70,0000ff97,0000ff77,0000ff99,0
889,889,0,00001fd0,0000ff70,0000ff97,0000ff77,0000ff99,0
890,890,0,00001fd4,0000ff70,0000ff97,0000ff7a,0000ff99,1
891,891,0,00001fd4,0000ff70,0000ff9a,0000ff7a,0000ff99,0
892,892,0,00001fd4,0000ff70,0000ff9a,0000ff7a,0000ff99,1
893,893,0,00001fd4,0000ff70,0000ff9a,0000ff7a,0000ff99,0
894,894,0,00001fd8,0000ff70,0000ff9a,0000ff7a,0000ff99,0
895,895,0,00001fdc,0000ff70,0000ff9a,0000ff7a,0000ff99,0
896,896,0,00001fe0,0000ff70,0000ff9a,0000ff7a,0000ff99,0
897,897,0,00001fe4,0000ff70,0000ff9a,0000ff7a,0000ff99,1
898,898,0,00001fe4,0000ff70,0000ff9a,0000ff7a,0000ff99,0
899,899,0,00001fe8,0000ff70,0000ff9a,0000ff7a,0000ff99,1
900,900,0,00001fe8,0000ff70,0000ff9a,0000ff7a,0000ff99,0
901,901,0,00001fec,0000ff70,0000ff9a,0000ff7a,0000ff99,0
902,902,0,00001ff0,0000ff70,0000ff9a,0000ff7a,0000ff99,0
903,903,0,00001ff4,0000ff70,0000ff9a,0000ff7a,0000ff99,0
904,904,0,00001ff8,0000ff70,0000ff9a,0000ff7a,0000ff9c,0
905,905,0,00001ffc,0000ff70,0000ff9a,0000ff7a,0000ff9c,1
906,906,0,00001ffc,0000ff70,0000ff9a,0000ff7a,0000ff9c,0
907,907,0,2000,0000ff70,0000ff9a,0000ff7a,0000ff9c,1
908,908,0,2000,0000ff70,0000ff9a,0000ff7a,0000ff9c,0
909,909,0,2004,0000ff70,0000ff9a,0000ff7a,0000ff9c,0
910,910,0,00001fc0,0000ff70,0000ff9a,0000ff7a,0000ff9c,0
911,911,0,00001fc4,0000ff70,0000ff9a,0000ff7a,0000ff9c,0
912,912,0,00001fc8,0000ff70,0000ff9a,0000ff7a,0000ff9c,0
913,913,0,00001fcc,0000ff70,0000ff9a,0000ff7a,0000ff9c,0
914,914,0,00001fd0,0000ff70,0000ff9a,0000ff7a,0000ff9c,0
915,915,0,00001fd4,0000ff70,0000ff9a,0000ff7d,0000ff9c,1
916,916,0,00001fd4,0000ff70,0000ff9d,0000ff7d,0000ff9c,0
917,917,0,00001fd4,0000ff70,0000ff9d,0000ff7d,0000ff9c,1
918,918,0,00001fd4,0000ff70,0000ff9d,0000ff7d,0000ff9c,0
919,919,0,00001fd8,0000ff70,0000ff9d,0000ff7d,0000ff9c,0
920,920,0,00001fdc,0000ff70,0000ff9d,0000ff7d,0000ff9c,0
921,921,0,00001fe0,0000ff70,0000ff9d,0000ff7d,0000ff9c,0
922,922,0,00001fe4,0000ff70,0000ff9d,0000ff7d,0000ff9c,1
923,923,0,00001fe4,0000ff70,0000ff9d,0000ff7d,0000ff9c,0
924,924,0,00001fe8,0000ff70,0000ff9d,0000ff7d,0000ff9c,1
925,925,0,00001fe8,0000ff70,0000ff9d,0000ff7d,0000ff9c,0
926,926,0,00001fec,0000ff70,0000ff9d,0000ff7d,0000ff9c,0
927,927,0,00001ff0,0000ff70,0000ff9d,0000ff7d,0000ff9c,0
928,928,0,00001ff4,0000ff70,0000ff9d,0000ff7d,0000ff9c,0
929,929,0,00001ff8,0000ff70,0000ff9d,0000ff7d,0000ff9f,0
930,930,0,00001ffc,0000ff70,0000ff9d,0000ff7d,0000ff9f,1
931,931,0,00001ffc,0000ff70,0000ff9d,0000ff7d,0000ff9f,0
932,932,0,2000,0000ff70,0000ff9d,0000ff7d,0000ff9f,1
933,933,0,2000,0000ff70,0000ff9d,0000ff7d,0000ff9f,0
934,934,0,2004,0000ff70,0000ff9d,0000ff7d,0000ff9f,0
935,935,0,00001fc0,0000ff70,0000ff9d,0000ff7d,0000ff9f,0
936,936,0,00001fc4,0000ff70,0000ff9d,0000ff7d,0000ff9f,0
937,937,0,00001fc8,0000ff70,0000ff9d,0000ff7d,0000ff9f,0
938,938,0,00001fcc,0000ff70,0000ff9d,0000ff7d,0000ff9f,0
939,939,0,00001fd0,0000ff70,0000ff9d,0000ff7d,0000ff9f,0
940,940,0,00001fd4,0000ff70,0000ff9d,0000ff80,0000ff9f,1
941,941,0,00001fd4,0000ff70,0000ffa0,0000ff80,0000ff9f,0
942,942,0,00001fd4,0000ff70,0000ffa0,0000ff80,0000ff9f,1
943,943,0,00001fd4,0000ff70,0000ffa0,0000ff80,0000ff9f,0
944,944,0,00001fd8,0000ff70,0000ffa0,0000ff80,0000ff9f,0
945,945,0,00001fdc,0000ff70,0000ffa0,0000ff80,0000ff9f,0
946,946,0,00001fe0,0000ff70,0000ffa0,0000ff80,0000ff9f,0
947,947,0,00001fe4,0000ff70,0000ffa0,0000ff80,0000ff9f,1
948,948,0,00001fe4,0000ff70,0000ffa0,0000ff80,0000ff9f,0
949,949,0,00001fe8,0000ff70,0000ffa0,0000ff80,0000ff9f,1
950,950,0,00001fe8,0000ff70,0000ffa0,0000ff80,0000ff9f,0
951,951,0,00001fec,0000ff70,0000ffa0,0000ff80,0000ff9f,0
952,952,0,00001ff0,0000ff70,0000ffa0,0000ff80,0000ff9f,0
953,953,0,00001ff4,0000ff70,0000ffa0,0000ff80,0000ff9f,0
954,954,0,00001ff8,0000ff70,0000ffa0,0000ff80,0000ffa2,0
955,955,0,00001ffc,0000ff70,0000ffa0,0000ff80,0000ffa2,1
956,956,0,00001ffc,0000ff70,0000ffa0,0000ff80,0000ffa2,0
957,957,0,2000,0000ff70,0000ffa0,0000ff80,0000ffa2,1
958,958,0,2000,0000ff70,0000ffa0,0000ff80,0000ffa2,0
959,959,0,2004,0000ff70,0000ffa0,0000ff80,0000ffa2,0
960,960,0,00001fc0,0000ff70,0000ffa0,0000ff80,0000ffa2,0
961,961,0,00001fc4,0000ff70,0000ffa0,0000ff80,0000ffa2,0
962,962,0,00001fc8,0000ff70,0000ffa0,0000ff80,0000ffa2,0
963,963,0,00001fcc,0000ff70,0000ffa0,0000ff80,0000ffa2,0
964,964,0,00001fd0,0000ff70,0000ffa0,0000ff80,0000ffa2,0
965,965,0,00001fd4,0000ff70,0000ffa0,0000ff83,0000ffa2,1
966,966,0,00001fd4,0000ff70,0000ffa3,0000ff83,0000ffa2,0
967,967,0,00001fd4,0000ff70,0000ffa3,0000ff83,0000ffa2,1
968,968,0,00001fd4,0000ff70,0000ffa3,0000ff83,0000ffa2,0
969,969,0,00001fd8,0000ff70,0000ffa3,0000ff83,0000ffa2,0
970,970,0,00001fdc,0000ff70,0000ffa3,0000ff83,0000ffa2,0
971,971,0,00001fe0,0000ff70,0000ffa3,0000ff83,0000ffa2,0
972,972,0,00001fe4,0000ff70,0000ffa3,0000ff83,0000ffa2,1
973,973,0,00001fe4,0000ff70,0000ffa3,0000ff83,0000ffa2,0
974,974,0,00001fe8,0000ff70,0000ffa3,0000ff83,0000ffa2,1
975,975,0,00001fe8,0000ff70,0000ffa3,0000ff83,0000ffa2,0
976,976,0,00001fec,0000ff70,0000ffa3,0000ff83,0000ffa2,0
977,977,0,00001ff0,0000ff70,0000ffa3,0000ff83,0000ffa2,0
978,978,0,00001ff4,0000ff70,0000ffa3,0000ff83,0000ffa2,0
979,979,0,2008,0000ff70,0000ffa3,0000ff83,0000ffa5,0
980,980,0,0000200c,0000ff70,0000ffa3,0000ff83,0000ffa5,0
981,981,0,2010,0000ff70,0000ffa3,0000ff83,0000ffa5,0
982,982,0,2014,0000ff70,0000ffa3,0000ff83,0000ffa5,0
983,983,0,2018,ffffffff,0000ffa3,0000ff83,0000ffa5,1
984,984,0,2018,ffffffff,0000ffa3,0000ff83,0000ffa5,0
985,985,0,0000201c,ffffffff,0000ffa3,0000ff83,0000ffa5,1
986,986,0,0000201c,ffffffff,0000ffa3,0000ff83,0000ffa5,0
987,987,0,2020,ffffffff,0000ffa3,0000ff83,0000ffa5,1
988,988,0,2020,ffffffff,0000ffa3,0000ff83,0000ffa5,0
989,989,0,2024,ffffffff,0000ffa3,0000ff83,0000ffa5,1
990,990,0,2024,ffffffff,0000ffa3,0000ff83,0000ffa5,0
991,991,0,2028,ffffffff,0000ffa3,0000ff83,0000ffa5,1
992,992,0,2028,ffffffff,0000ffa3,0000ff83,0000ffa5,0
993,993,0,0000202c,ffffffff,0000ffa3,0000ff83,0000ffa5,1
994,994,0,0000202c,ffffffff,0000ffa3,0000ff83,0000ffa5,0
995,995,0,2030,ffffffff,0000ffa3,0000ff83,0000ffa5,0
996,996,0,1350,ffffffff,0000ffa3,0000ff83,0000ffa5,0
997,997,0,1354,ffffffff,0000ffa3,0000ff83,0000ffa5,0
998,998,0,1358,ffffffff,0000ffa3,0000ff83,0000ffa5,0
999,999,0,0000135c,ffffffff,0000ffa3,0000ff83,0000ffa5,0
1000,1000,0,1368,ffffffff,0,0000ff83,0000ffa5,0
1001,1001,0,0000136c,ffffffff,0,0000ff83,0000ffa5,0
1002,1002,0,1370,ffffffff,0,0000ff83,0000ffa5,1
1003,1003,0,1370,ffffffff,0,0000ff83,0000ffa5,0
1004,1004,0,1374,ffffffff,0,0000ff83,0000ffa5,0
1005,1005,0,1378,ffffffff,0,0000ff83,0000ffa5,0
1006,1006,0,0000137c,0,0,0000ff83,0000ffa5,0
1007,1007,0,00004c10,0,0,0000ff83,0000ffa5,0
1008,1008,0,00004c14,0,0,0000ff83,0000ffa5,0
1009,1009,0,00004c18,0,0,0000ff83,0000ffa5,0
1010,1010,0,00004c1c,0,0,0000ff83,0000ffa5,0
1011,1011,0,00004c20,0,1,0000ff83,0000ffa5,0
1012,1012,0,00004c24,0,1,0000ff83,0000ffa5,1
1013,1013,0,00004c24,0,1,0000ff83,3,0
1014,1014,0,00004c28,0,1,0000ff83,3,0
1015,1015,0,00004c2c,0,1,0000ff83,3,0
1016,1016,0,00004c30,2,1,0000ff83,3,1
1017,1017,0,00004c30,2,7,0000ff83,3,0
1018,1018,0,00004c34,2,7,0000ff83,3,0
1019,1019,0,1288,2,7,0000ff83,3,0
1020,1020,0,0000128c,2,7,0000ff83,3,0
1021,1021,0,1290,2,7,0000ff83,3,0
1022,1022,0,1294,2,7,0000ff83,3,0
1023,1023,0,1298,4,7,0000ff83,3,1
