Sample in Buffer,Sample in Window,TRIGGER,pc_o[31:0],stall_i,x_reg[10],x_reg[11],x_reg[14],x_reg[15],
Radix - UNSIGNED,UNSIGNED,UNSIGNED,HEX,HEX,HEX,HEX,HEX,HEX,
0,0,0,2124,0,2f8b8da1,0,0,10000,
1,1,0,2128,0,2f8b8da1,0,0,10000,
2,2,0,0000212c,0,2f8b8da1,0,0,10000,
3,3,0,0000212c,1,2f8b8da1,0,0,32,
4,4,0,0000212c,0,2f8b8da1,0,0,32,
5,5,0,2130,0,2f8b8da1,0,0,32,
6,6,0,2134,0,2f8b8da1,0,0,6,
7,7,0,2138,0,2f8b8da1,0,0,6,
8,8,0,0000213c,0,2f8b8da1,0,0,6,
9,9,0,2140,0,2f8b8da1,0,0,20,
10,10,0,2144,0,2f8b8da1,0,0,0000001a,
11,11,0,2148,0,2f8b8da1,0,0,0000001a,
12,12,0,0000214c,0,2f8b8da1,0,0,0000001a,
13,13,0,2150,0,2f8b8da1,0,0,0000001a,
14,14,0,2154,0,2f8b8da1,0,0,0000001a,
15,15,0,2158,0,2f8b8da1,0,0,0000001a,
16,16,0,2158,0,2f8b8da1,0,0,0000001a,
17,17,0,2158,0,2f8b8da1,0,0,0000001a,
18,18,0,2158,0,2f8b8da1,0,0,0000001a,
19,19,0,2158,0,2f8b8da1,0,0,0000001a,
20,20,0,2158,0,2f8b8da1,0,0,0000001a,
21,21,0,2158,0,2f8b8da1,0,0,0000001a,
22,22,0,2158,0,2f8b8da1,0,0,0000001a,
23,23,0,2158,0,2f8b8da1,0,0,0000001a,
24,24,0,2158,0,2f8b8da1,0,0,0000001a,
25,25,0,2158,0,2f8b8da1,0,0,0000001a,
26,26,0,2158,0,2f8b8da1,0,0,0000001a,
27,27,0,2158,0,2f8b8da1,0,0,0000001a,
28,28,0,2158,0,2f8b8da1,0,0,0000001a,
29,29,0,2158,0,2f8b8da1,0,0,0000001a,
30,30,0,2158,0,2f8b8da1,0,0,0000001a,
31,31,0,2158,0,2f8b8da1,0,0,0000001a,
32,32,0,2158,0,2f8b8da1,0,0,0000001a,
33,33,0,2158,0,2f8b8da1,0,0,0000001a,
34,34,0,2158,0,2f8b8da1,0,0,0000001a,
35,35,0,2158,0,2f8b8da1,0,0,0000001a,
36,36,0,2158,0,2f8b8da1,0,0,0000001a,
37,37,0,2158,0,2f8b8da1,0,0,0000001a,
38,38,0,2158,0,2f8b8da1,0,0,0000001a,
39,39,0,2158,0,2f8b8da1,0,0,0000001a,
40,40,0,2158,0,2f8b8da1,0,0,0000001a,
41,41,0,2158,0,2f8b8da1,0,0,0000001a,
42,42,0,2158,0,2f8b8da1,0,0,0000001a,
43,43,0,2158,0,2f8b8da1,0,0,0000001a,
44,44,0,2158,0,2f8b8da1,0,0,0000001a,
45,45,0,2158,0,2f8b8da1,0,0,0000001a,
46,46,0,2158,0,2f8b8da1,0,0,0000001a,
47,47,0,2158,0,2f8b8da1,0,0,0000001a,
48,48,0,2158,0,2f8b8da1,0,0,0000001a,
49,49,0,2158,0,2f8b8da1,0,0,0000001a,
50,50,0,2158,0,2f8b8da1,0,0,0000001a,
51,51,0,2158,0,2f8b8da1,0,0,0000001a,
52,52,0,0000215c,0,2f8b8da1,0,0,0000001a,
53,53,0,2160,0,2f8b8da1,0,0,0000001a,
54,54,0,2164,0,2f8b8da1,0,0,5636,
55,55,0,2168,0,2f8b8da1,0,0,5636,
56,56,0,2168,0,2f8b8da1,0,0,5636,
57,57,0,2168,0,2f8b8da1,0,0,5636,
58,58,0,2168,0,2f8b8da1,0,0,5636,
59,59,0,2168,0,2f8b8da1,0,0,5636,
60,60,0,2168,0,2f8b8da1,0,0,5636,
61,61,0,2168,0,2f8b8da1,0,0,5636,
62,62,0,2168,0,2f8b8da1,0,0,5636,
63,63,0,2168,0,2f8b8da1,0,0,5636,
64,64,0,2168,0,2f8b8da1,0,0,5636,
65,65,0,2168,0,2f8b8da1,0,0,5636,
66,66,0,2168,0,2f8b8da1,0,0,5636,
67,67,0,2168,0,2f8b8da1,0,0,5636,
68,68,0,2168,0,2f8b8da1,0,0,5636,
69,69,0,2168,0,2f8b8da1,0,0,5636,
70,70,0,2168,0,2f8b8da1,0,0,5636,
71,71,0,2168,0,2f8b8da1,0,0,5636,
72,72,0,2168,0,2f8b8da1,0,0,5636,
73,73,0,2168,0,2f8b8da1,0,0,5636,
74,74,0,2168,0,2f8b8da1,0,0,5636,
75,75,0,2168,0,2f8b8da1,0,0,5636,
76,76,0,2168,0,2f8b8da1,0,0,5636,
77,77,0,2168,0,2f8b8da1,0,0,5636,
78,78,0,2168,0,2f8b8da1,0,0,5636,
79,79,0,2168,0,2f8b8da1,0,0,5636,
80,80,0,2168,0,2f8b8da1,0,0,5636,
81,81,0,2168,0,2f8b8da1,0,0,5636,
82,82,0,2168,0,2f8b8da1,0,0,5636,
83,83,0,2168,0,2f8b8da1,0,0,5636,
84,84,0,2168,0,2f8b8da1,0,0,5636,
85,85,0,2168,0,2f8b8da1,0,0,5636,
86,86,0,2168,0,2f8b8da1,0,0,5636,
87,87,0,2168,0,2f8b8da1,0,0,5636,
88,88,0,2168,0,2f8b8da1,0,0,5636,
89,89,0,2168,0,2f8b8da1,0,0,5636,
90,90,0,2168,0,2f8b8da1,0,0,5636,
91,91,0,2168,0,2f8b8da1,0,0,5636,
92,92,0,0000216c,0,2f8b8da1,0,0,5636,
93,93,0,2170,0,2f8b8da1,0,0,5636,
94,94,0,2174,0,2f8b8da1,0,0,5636,
95,95,0,2174,0,2f8b8da1,0,0,56360000,
96,96,0,2174,0,2f8b8da1,0,0,56360000,
97,97,0,2178,0,2f8b8da1,0,0,56360000,
98,98,0,0000217c,0,2f8b8da1,0,0,56360000,
99,99,0,2180,0,2f8b8da1,0,0,56360000,
100,100,0,2194,0,2f8b8da1,0,0,000000f3,
101,101,0,2198,0,2f8b8da1,0,0,000000f3,
102,102,0,0000219c,0,2f8b8da1,0,0,000000f3,
103,103,0,0000219c,0,2f8b8da1,0,0,000000f3,
104,104,0,0000219c,0,2f8b8da1,0,0,000000f3,
105,105,0,0000219c,0,2f8b8da1,0,0,000000f3,
106,106,0,0000219c,0,2f8b8da1,0,0,000000f3,
107,107,0,0000219c,0,2f8b8da1,0,0,000000f3,
108,108,0,0000219c,0,2f8b8da1,0,0,000000f3,
109,109,0,0000219c,0,2f8b8da1,0,0,000000f3,
110,110,0,0000219c,0,2f8b8da1,0,0,000000f3,
111,111,0,0000219c,0,2f8b8da1,0,0,000000f3,
112,112,0,0000219c,0,2f8b8da1,0,0,000000f3,
113,113,0,0000219c,0,2f8b8da1,0,0,000000f3,
114,114,0,0000219c,0,2f8b8da1,0,0,000000f3,
115,115,0,0000219c,0,2f8b8da1,0,0,000000f3,
116,116,0,0000219c,0,2f8b8da1,0,0,000000f3,
117,117,0,0000219c,0,2f8b8da1,0,0,000000f3,
118,118,0,0000219c,0,2f8b8da1,0,0,000000f3,
119,119,0,0000219c,0,2f8b8da1,0,0,000000f3,
120,120,0,0000219c,0,2f8b8da1,0,0,000000f3,
121,121,0,0000219c,0,2f8b8da1,0,0,000000f3,
122,122,0,0000219c,0,2f8b8da1,0,0,000000f3,
123,123,0,0000219c,0,2f8b8da1,0,0,000000f3,
124,124,0,0000219c,0,2f8b8da1,0,0,000000f3,
125,125,0,0000219c,0,2f8b8da1,0,0,000000f3,
126,126,0,0000219c,0,2f8b8da1,0,0,000000f3,
127,127,0,0000219c,0,2f8b8da1,0,0,000000f3,
128,128,0,0000219c,0,2f8b8da1,0,0,000000f3,
129,129,0,0000219c,0,2f8b8da1,0,0,000000f3,
130,130,0,0000219c,0,2f8b8da1,0,0,000000f3,
131,131,0,0000219c,0,2f8b8da1,0,0,000000f3,
132,132,0,0000219c,0,2f8b8da1,0,0,000000f3,
133,133,0,0000219c,0,2f8b8da1,0,0,000000f3,
134,134,0,0000219c,0,2f8b8da1,0,0,000000f3,
135,135,0,0000219c,0,2f8b8da1,0,0,000000f3,
136,136,0,0000219c,0,2f8b8da1,0,0,000000f3,
137,137,0,0000219c,0,2f8b8da1,0,0,000000f3,
138,138,0,0000219c,0,2f8b8da1,0,0,000000f3,
139,139,0,000021a0,0,2f8b8da1,0,0,000000f3,
140,140,0,000021a4,0,2f8b8da1,0,0,000000f3,
141,141,0,000021a8,0,2f8b8da1,0,3400,000000f3,
142,142,0,000021a8,0,2f8b8da1,0,3400,000000f3,
143,143,0,000021a8,0,2f8b8da1,0,3400,000000f3,
144,144,0,000021a8,0,2f8b8da1,0,3400,000000f3,
145,145,0,000021a8,0,2f8b8da1,0,3400,000000f3,
146,146,0,000021a8,0,2f8b8da1,0,3400,000000f3,
147,147,0,000021a8,0,2f8b8da1,0,3400,000000f3,
148,148,0,000021a8,0,2f8b8da1,0,3400,000000f3,
149,149,0,000021a8,0,2f8b8da1,0,3400,000000f3,
150,150,0,000021a8,0,2f8b8da1,0,3400,000000f3,
151,151,0,000021a8,0,2f8b8da1,0,3400,000000f3,
152,152,0,000021a8,0,2f8b8da1,0,3400,000000f3,
153,153,0,000021a8,0,2f8b8da1,0,3400,000000f3,
154,154,0,000021a8,0,2f8b8da1,0,3400,000000f3,
155,155,0,000021a8,0,2f8b8da1,0,3400,000000f3,
156,156,0,000021a8,0,2f8b8da1,0,3400,000000f3,
157,157,0,000021a8,0,2f8b8da1,0,3400,000000f3,
158,158,0,000021a8,0,2f8b8da1,0,3400,000000f3,
159,159,0,000021a8,0,2f8b8da1,0,3400,000000f3,
160,160,0,000021a8,0,2f8b8da1,0,3400,000000f3,
161,161,0,000021a8,0,2f8b8da1,0,3400,000000f3,
162,162,0,000021a8,0,2f8b8da1,0,3400,000000f3,
163,163,0,000021a8,0,2f8b8da1,0,3400,000000f3,
164,164,0,000021a8,0,2f8b8da1,0,3400,000000f3,
165,165,0,000021a8,0,2f8b8da1,0,3400,000000f3,
166,166,0,000021a8,0,2f8b8da1,0,3400,000000f3,
167,167,0,000021a8,0,2f8b8da1,0,3400,000000f3,
168,168,0,000021a8,0,2f8b8da1,0,3400,000000f3,
169,169,0,000021a8,0,2f8b8da1,0,3400,000000f3,
170,170,0,000021a8,0,2f8b8da1,0,3400,000000f3,
171,171,0,000021a8,0,2f8b8da1,0,3400,000000f3,
172,172,0,000021a8,0,2f8b8da1,0,3400,000000f3,
173,173,0,000021a8,0,2f8b8da1,0,3400,000000f3,
174,174,0,000021a8,0,2f8b8da1,0,3400,000000f3,
175,175,0,000021a8,0,2f8b8da1,0,3400,000000f3,
176,176,0,000021a8,0,2f8b8da1,0,3400,000000f3,
177,177,0,000021a8,0,2f8b8da1,0,3400,000000f3,
178,178,0,000021ac,0,2f8b8da1,0,3400,000000f3,
179,179,0,000021b0,0,2f8b8da1,0,3400,000000f3,
180,180,0,000021b4,0,2f8b8da1,0,3400,000000f3,
181,181,0,000021b4,0,2f8b8da1,0,34000000,000000f3,
182,182,0,000021b4,0,2f8b8da1,0,34000000,000000f3,
183,183,0,000021b8,0,2f8b8da1,0,34000000,000000f3,
184,184,0,000021bc,0,2f8b8da1,0,34000000,000000f3,
185,185,0,000021c0,0,2f8b8da1,0,34000000,000000f3,
186,186,0,000021d0,0,00006e5a,0,34000000,000000f3,
187,187,0,000021d4,0,00006e5a,0,34000000,000000f3,
188,188,0,000021d8,0,00006e5a,0,34000000,000000f3,
189,189,0,000021dc,0,00006e5a,0,34000000,000000f3,
190,190,0,2.10E+01,0,00006e5a,0,34000000,00f30000,
191,191,0,2.10E+05,0,00006e5a,0,34000000,00f36e5a,
192,192,0,000022c0,0,00006e5a,0,34000000,00f36e5a,
193,193,0,000022c4,0,00006e5a,0,34000000,00f36e5a,
194,194,0,000022c8,0,00006e5a,0,34000000,00f36e5a,
195,195,0,000022cc,0,00006e5a,0,34000000,00f36e5a,
196,196,0,000022d0,0,00f36e5a,0,34000000,00f36e5a,
197,197,0,000022dc,0,00f36e5a,0,34000000,00f36e5a,
198,198,0,2.20E+01,0,00f36e5a,0,34000000,00f36e5a,
199,199,0,2.20E+05,0,00f36e5a,0,34000000,00f36e5a,
200,200,0,2054,0,00f36e5a,0,34000000,00f36e5a,
201,201,0,2058,0,00f36e5a,0,34000000,00f36e5a,
202,202,0,0000205c,1,00f36e5a,0,34000000,00f36e5a,
203,203,0,0000205c,0,00f36e5a,0,34000000,00f36e5a,
204,204,0,2060,0,00f36e5a,0,34000000,00f36e5a,
205,205,0,2064,0,00f36e5a,0,34000000,00f36e5a,
206,206,0,00004b30,0,00f36e5a,0,34000000,00f36e5a,
207,207,0,00004b34,0,00f36e5a,0,34000000,00f36e5a,
208,208,0,00004b38,0,00f36e5a,0,34000000,00f36e5a,
209,209,0,00004b3c,1,00f36e5a,0,34000000,00f36e5a,
210,210,0,00004b3c,0,00f36e5a,0,34000000,7000,
211,211,0,00004b40,0,00f36e5a,0,34000000,7000,
212,212,0,00004b44,0,00f36e5a,0,34000000,7000,
213,213,0,00004b48,0,00f36e5a,0,34000000,000f4241,
214,214,0,00004b4c,0,00f36e5a,0,34000000,000f4241,
215,215,0,00004b50,0,00f36e5a,0,34000000,000f4241,
216,216,0,00004b54,0,00f36e5a,0,34000000,000f4241,
217,217,0,00004b58,0,00f36e5a,0,34000000,000f4241,
218,218,0,00004b5c,0,00f36e5a,0,34000000,000f4241,
219,219,0,00004b60,0,00f36e5a,0,34000000,000f4241,
220,220,0,00004b64,1,00f36e5a,0,34000000,000f4241,
221,221,0,00004b64,0,00f36e5a,0,34000000,000f4241,
222,222,0,00004b68,0,00f36e5a,0,34000000,000f4241,
223,223,0,00004b6c,0,00f36e5a,0,34000000,000f4241,
224,224,0,00004b70,0,00f36e5a,0,34000000,6000,
225,225,0,00004b74,1,00f36e5a,000060fc,34000000,6000,
226,226,0,00004b74,0,00f36e5a,000060fc,34000000,41,
227,227,0,00004b78,0,00f36e5a,000060fc,34000000,41,
228,228,0,00004b7c,0,00f36e5a,000060fc,34000000,41,
229,229,0,00004b80,1,0000ff90,000060fc,34000000,41,
230,230,0,00004b80,0,0000ff90,000060fc,34000000,42,
231,231,0,00004b84,1,0000ff90,000060fc,34000000,42,
232,232,0,00004b84,0,0000ff90,000060fc,34000000,42,
233,233,0,00004b88,0,0000ff90,000060fc,34000000,42,
234,234,0,1.00E+98,0,0000ff90,000060fc,34000000,42,
235,235,0,00001e9c,0,0000ff90,000060fc,34000000,42,
236,236,0,00001ea0,1,0000ff90,000060fc,34000000,42,
237,237,0,00001ea0,0,0000ff90,000060fc,34000000,42,
238,238,0,00001ea4,0,0000ff90,000060fc,34000000,42,
239,239,0,00001ea8,0,0000ff90,000060fc,34000000,44,
240,240,0,00001eac,0,0000ff90,000060fc,0000ff90,44,
241,241,0,00001eb0,0,0000ff90,000060fc,0000ff90,44,
242,242,0,00001eb4,1,0000ff90,000060fc,0000ff91,44,
243,243,0,00001eb4,0,0000ff90,000060fd,0000ff91,44,
244,244,0,00001eb4,1,0000ff90,000060fd,0000ff91,44,
245,245,0,00001eb4,0,0000ff90,000060fd,0000ff91,44,
246,246,0,00001eb8,0,0000ff90,000060fd,0000ff91,44,
247,247,0,00001ebc,0,0000ff90,000060fd,0000ff91,48,
248,248,0,00001ea4,0,0000ff90,000060fd,0000ff91,48,
249,249,0,00001ea8,0,0000ff90,000060fd,0000ff91,48,
250,250,0,00001eac,0,0000ff90,000060fd,0000ff91,48,
251,251,0,00001eb0,0,0000ff90,000060fd,0000ff91,48,
252,252,0,00001eb4,1,0000ff90,000060fd,0000ff92,48,
253,253,0,00001eb4,0,0000ff90,000060fe,0000ff92,48,
254,254,0,00001eb4,1,0000ff90,000060fe,0000ff92,48,
255,255,0,00001eb4,0,0000ff90,000060fe,0000ff92,48,
256,256,0,00001ea4,0,0000ff90,000060fe,0000ff92,48,
257,257,0,00001ea8,0,0000ff90,000060fe,0000ff92,52,
258,258,0,00001eac,0,0000ff90,000060fe,0000ff92,52,
259,259,0,00001eb0,0,0000ff90,000060fe,0000ff92,52,
260,260,0,00001eb4,1,0000ff90,000060fe,0000ff93,52,
261,261,0,00001eb4,0,0000ff90,000060ff,0000ff93,52,
262,262,0,00001eb4,1,0000ff90,000060ff,0000ff93,52,
263,263,0,00001eb4,0,0000ff90,000060ff,0000ff93,52,
264,264,0,00001ea4,0,0000ff90,000060ff,0000ff93,52,
265,265,0,00001ea8,0,0000ff90,000060ff,0000ff93,59,
266,266,0,00001eac,0,0000ff90,000060ff,0000ff93,59,
267,267,0,00001eb0,0,0000ff90,000060ff,0000ff93,59,
268,268,0,00001eb4,1,0000ff90,000060ff,0000ff94,59,
269,269,0,00001eb4,0,0000ff90,6100,0000ff94,59,
270,270,0,00001eb4,1,0000ff90,6100,0000ff94,59,
271,271,0,00001eb4,0,0000ff90,6100,0000ff94,59,
272,272,0,00001ea4,0,0000ff90,6100,0000ff94,59,
273,273,0,00001ea8,0,0000ff90,6100,0000ff94,53,
274,274,0,00001eac,0,0000ff90,6100,0000ff94,53,
275,275,0,00001eb0,0,0000ff90,6100,0000ff94,53,
276,276,0,00001eb4,1,0000ff90,6100,0000ff95,53,
277,277,0,00001eb4,0,0000ff90,6101,0000ff95,53,
278,278,0,00001eb4,1,0000ff90,6101,0000ff95,53,
279,279,0,00001eb4,0,0000ff90,6101,0000ff95,53,
280,280,0,00001ea4,0,0000ff90,6101,0000ff95,53,
281,281,0,00001ea8,0,0000ff90,6101,0000ff95,54,
282,282,0,00001eac,0,0000ff90,6101,0000ff95,54,
283,283,0,00001eb0,0,0000ff90,6101,0000ff95,54,
284,284,0,00001eb4,1,0000ff90,6101,0000ff96,54,
285,285,0,00001eb4,0,0000ff90,6102,0000ff96,54,
286,286,0,00001eb4,1,0000ff90,6102,0000ff96,54,
287,287,0,00001eb4,0,0000ff90,6102,0000ff96,54,
288,288,0,00001ea4,0,0000ff90,6102,0000ff96,54,
289,289,0,00001ea8,0,0000ff90,6102,0000ff96,0000004f,
290,290,0,00001eac,0,0000ff90,6102,0000ff96,0000004f,
291,291,0,00001eb0,0,0000ff90,6102,0000ff96,0000004f,
292,292,0,00001eb4,1,0000ff90,6102,0000ff97,0000004f,
293,293,0,00001eb4,0,0000ff90,6103,0000ff97,0000004f,
294,294,0,00001eb4,1,0000ff90,6103,0000ff97,0000004f,
295,295,0,00001eb4,0,0000ff90,6103,0000ff97,0000004f,
296,296,0,00001ea4,0,0000ff90,6103,0000ff97,0000004f,
297,297,0,00001ea8,0,0000ff90,6103,0000ff97,0000004e,
298,298,0,00001eac,0,0000ff90,6103,0000ff97,0000004e,
299,299,0,00001eb0,0,0000ff90,6103,0000ff97,0000004e,
300,300,0,00001eb4,1,0000ff90,6103,0000ff98,0000004e,
301,301,0,00001eb4,0,0000ff90,6104,0000ff98,0000004e,
302,302,0,00001eb4,1,0000ff90,6104,0000ff98,0000004e,
303,303,0,00001eb4,0,0000ff90,6104,0000ff98,0000004e,
304,304,0,00001ea4,0,0000ff90,6104,0000ff98,0000004e,
305,305,0,00001ea8,0,0000ff90,6104,0000ff98,45,
306,306,0,00001eac,0,0000ff90,6104,0000ff98,45,
307,307,0,00001eb0,0,0000ff90,6104,0000ff98,45,
308,308,0,00001eb4,1,0000ff90,6104,0000ff99,45,
309,309,0,00001eb4,0,0000ff90,6105,0000ff99,45,
310,310,0,00001eb4,1,0000ff90,6105,0000ff99,45,
311,311,0,00001eb4,0,0000ff90,6105,0000ff99,45,
312,312,0,00001ea4,0,0000ff90,6105,0000ff99,45,
313,313,0,00001ea8,0,0000ff90,6105,0000ff99,20,
314,314,0,00001eac,0,0000ff90,6105,0000ff99,20,
315,315,0,00001eb0,0,0000ff90,6105,0000ff99,20,
316,316,0,00001eb4,1,0000ff90,6105,0000ff9a,20,
317,317,0,00001eb4,0,0000ff90,6106,0000ff9a,20,
318,318,0,00001eb4,1,0000ff90,6106,0000ff9a,20,
319,319,0,00001eb4,0,0000ff90,6106,0000ff9a,20,
320,320,0,00001ea4,0,0000ff90,6106,0000ff9a,20,
321,321,0,00001ea8,0,0000ff90,6106,0000ff9a,50,
322,322,0,00001eac,0,0000ff90,6106,0000ff9a,50,
323,323,0,00001eb0,0,0000ff90,6106,0000ff9a,50,
324,324,0,00001eb4,1,0000ff90,6106,0000ff9b,50,
325,325,0,00001eb4,0,0000ff90,6107,0000ff9b,50,
326,326,0,00001eb4,1,0000ff90,6107,0000ff9b,50,
327,327,0,00001eb4,0,0000ff90,6107,0000ff9b,50,
328,328,0,00001ea4,0,0000ff90,6107,0000ff9b,50,
329,329,0,00001ea8,0,0000ff90,6107,0000ff9b,52,
330,330,0,00001eac,0,0000ff90,6107,0000ff9b,52,
331,331,0,00001eb0,0,0000ff90,6107,0000ff9b,52,
332,332,0,00001eb4,1,0000ff90,6107,0000ff9c,52,
333,333,0,00001eb4,0,0000ff90,6108,0000ff9c,52,
334,334,0,00001eb4,1,0000ff90,6108,0000ff9c,52,
335,335,0,00001eb4,0,0000ff90,6108,0000ff9c,52,
336,336,0,00001ea4,0,0000ff90,6108,0000ff9c,52,
337,337,0,00001ea8,0,0000ff90,6108,0000ff9c,0000004f,
338,338,0,00001eac,0,0000ff90,6108,0000ff9c,0000004f,
339,339,0,00001eb0,0,0000ff90,6108,0000ff9c,0000004f,
340,340,0,00001eb4,1,0000ff90,6108,0000ff9d,0000004f,
341,341,0,00001eb4,0,0000ff90,6109,0000ff9d,0000004f,
342,342,0,00001eb4,1,0000ff90,6109,0000ff9d,0000004f,
343,343,0,00001eb4,0,0000ff90,6109,0000ff9d,0000004f,
344,344,0,00001ea4,0,0000ff90,6109,0000ff9d,0000004f,
345,345,0,00001ea8,0,0000ff90,6109,0000ff9d,47,
346,346,0,00001eac,0,0000ff90,6109,0000ff9d,47,
347,347,0,00001eb0,0,0000ff90,6109,0000ff9d,47,
348,348,0,00001eb4,1,0000ff90,6109,0000ff9e,47,
349,349,0,00001eb4,0,0000ff90,0000610a,0000ff9e,47,
350,350,0,00001eb4,1,0000ff90,0000610a,0000ff9e,47,
351,351,0,00001eb4,0,0000ff90,0000610a,0000ff9e,47,
352,352,0,00001ea4,0,0000ff90,0000610a,0000ff9e,47,
353,353,0,00001ea8,0,0000ff90,0000610a,0000ff9e,52,
354,354,0,00001eac,0,0000ff90,0000610a,0000ff9e,52,
355,355,0,00001eb0,0,0000ff90,0000610a,0000ff9e,52,
356,356,0,00001eb4,1,0000ff90,0000610a,0000ff9f,52,
357,357,0,00001eb4,0,0000ff90,0000610b,0000ff9f,52,
358,358,0,00001eb4,1,0000ff90,0000610b,0000ff9f,52,
359,359,0,00001eb4,0,0000ff90,0000610b,0000ff9f,52,
360,360,0,00001ea4,0,0000ff90,0000610b,0000ff9f,52,
361,361,0,00001ea8,0,0000ff90,0000610b,0000ff9f,41,
362,362,0,00001eac,0,0000ff90,0000610b,0000ff9f,41,
363,363,0,00001eb0,0,0000ff90,0000610b,0000ff9f,41,
364,364,0,00001eb4,1,0000ff90,0000610b,0000ffa0,41,
365,365,0,00001eb4,0,0000ff90,0000610c,0000ffa0,41,
366,366,0,00001eb4,1,0000ff90,0000610c,0000ffa0,41,
367,367,0,00001eb4,0,0000ff90,0000610c,0000ffa0,41,
368,368,0,00001ea4,0,0000ff90,0000610c,0000ffa0,41,
369,369,0,00001ea8,0,0000ff90,0000610c,0000ffa0,0000004d,
370,370,0,00001eac,0,0000ff90,0000610c,0000ffa0,0000004d,
371,371,0,00001eb0,0,0000ff90,0000610c,0000ffa0,0000004d,
372,372,0,00001eb4,1,0000ff90,0000610c,0000ffa1,0000004d,
373,373,0,00001eb4,0,0000ff90,0000610d,0000ffa1,0000004d,
374,374,0,00001eb4,1,0000ff90,0000610d,0000ffa1,0000004d,
375,375,0,00001eb4,0,0000ff90,0000610d,0000ffa1,0000004d,
376,376,0,00001ea4,0,0000ff90,0000610d,0000ffa1,0000004d,
377,377,0,00001ea8,0,0000ff90,0000610d,0000ffa1,0000002c,
378,378,0,00001eac,0,0000ff90,0000610d,0000ffa1,0000002c,
379,379,0,00001eb0,0,0000ff90,0000610d,0000ffa1,0000002c,
380,380,0,00001eb4,1,0000ff90,0000610d,0000ffa2,0000002c,
381,381,0,00001eb4,0,0000ff90,0000610e,0000ffa2,0000002c,
382,382,0,00001eb4,1,0000ff90,0000610e,0000ffa2,0000002c,
383,383,0,00001eb4,0,0000ff90,0000610e,0000ffa2,0000002c,
384,384,0,00001ea4,0,0000ff90,0000610e,0000ffa2,0000002c,
385,385,0,00001ea8,0,0000ff90,0000610e,0000ffa2,20,
386,386,0,00001eac,0,0000ff90,0000610e,0000ffa2,20,
387,387,0,00001eb0,0,0000ff90,0000610e,0000ffa2,20,
388,388,0,00001eb4,1,0000ff90,0000610e,0000ffa3,20,
389,389,0,00001eb4,0,0000ff90,0000610f,0000ffa3,20,
390,390,0,00001eb4,1,0000ff90,0000610f,0000ffa3,20,
391,391,0,00001eb4,0,0000ff90,0000610f,0000ffa3,20,
392,392,0,00001ea4,0,0000ff90,0000610f,0000ffa3,20,
393,393,0,00001ea8,0,0000ff90,0000610f,0000ffa3,32,
394,394,0,00001eac,0,0000ff90,0000610f,0000ffa3,32,
395,395,0,00001eb0,0,0000ff90,0000610f,0000ffa3,32,
396,396,0,00001eb4,1,0000ff90,0000610f,0000ffa4,32,
397,397,0,00001eb4,0,0000ff90,6110,0000ffa4,32,
398,398,0,00001eb4,1,0000ff90,6110,0000ffa4,32,
399,399,0,00001eb4,0,0000ff90,6110,0000ffa4,32,
400,400,0,00001ea4,0,0000ff90,6110,0000ffa4,32,
401,401,0,00001ea8,0,0000ff90,6110,0000ffa4,27,
402,402,0,00001eac,0,0000ff90,6110,0000ffa4,27,
403,403,0,00001eb0,0,0000ff90,6110,0000ffa4,27,
404,404,0,00001eb4,1,0000ff90,6110,0000ffa5,27,
405,405,0,00001eb4,0,0000ff90,6111,0000ffa5,27,
406,406,0,00001eb4,1,0000ff90,6111,0000ffa5,27,
407,407,0,00001eb4,0,0000ff90,6111,0000ffa5,27,
408,408,0,00001ea4,0,0000ff90,6111,0000ffa5,27,
409,409,0,00001ea8,0,0000ff90,6111,0000ffa5,0000004e,
410,410,0,00001eac,0,0000ff90,6111,0000ffa5,0000004e,
411,411,0,00001eb0,0,0000ff90,6111,0000ffa5,0000004e,
412,412,0,00001eb4,1,0000ff90,6111,0000ffa6,0000004e,
413,413,0,00001eb4,0,0000ff90,6112,0000ffa6,0000004e,
414,414,0,00001eb4,1,0000ff90,6112,0000ffa6,0000004e,
415,415,0,00001eb4,0,0000ff90,6112,0000ffa6,0000004e,
416,416,0,00001ea4,0,0000ff90,6112,0000ffa6,0000004e,
417,417,0,00001ea8,0,0000ff90,6112,0000ffa6,44,
418,418,0,00001eac,0,0000ff90,6112,0000ffa6,44,
419,419,0,00001eb0,0,0000ff90,6112,0000ffa6,44,
420,420,0,00001eb4,1,0000ff90,6112,0000ffa7,44,
421,421,0,00001eb4,0,0000ff90,6113,0000ffa7,44,
422,422,0,00001eb4,1,0000ff90,6113,0000ffa7,44,
423,423,0,00001eb4,0,0000ff90,6113,0000ffa7,44,
424,424,0,00001ea4,0,0000ff90,6113,0000ffa7,44,
425,425,0,00001ea8,0,0000ff90,6113,0000ffa7,20,
426,426,0,00001eac,0,0000ff90,6113,0000ffa7,20,
427,427,0,00001eb0,0,0000ff90,6113,0000ffa7,20,
428,428,0,00001eb4,1,0000ff90,6113,0000ffa8,20,
429,429,0,00001eb4,0,0000ff90,6114,0000ffa8,20,
430,430,0,00001eb4,1,0000ff90,6114,0000ffa8,20,
431,431,0,00001eb4,0,0000ff90,6114,0000ffa8,20,
432,432,0,00001ea4,0,0000ff90,6114,0000ffa8,20,
433,433,0,00001ea8,0,0000ff90,6114,0000ffa8,53,
434,434,0,00001eac,0,0000ff90,6114,0000ffa8,53,
435,435,0,00001eb0,0,0000ff90,6114,0000ffa8,53,
436,436,0,00001eb4,1,0000ff90,6114,0000ffa9,53,
437,437,0,00001eb4,0,0000ff90,6115,0000ffa9,53,
438,438,0,00001eb4,1,0000ff90,6115,0000ffa9,53,
439,439,0,00001eb4,0,0000ff90,6115,0000ffa9,53,
440,440,0,00001ea4,0,0000ff90,6115,0000ffa9,53,
441,441,0,00001ea8,0,0000ff90,6115,0000ffa9,54,
442,442,0,00001eac,0,0000ff90,6115,0000ffa9,54,
443,443,0,00001eb0,0,0000ff90,6115,0000ffa9,54,
444,444,0,00001eb4,1,0000ff90,6115,0000ffaa,54,
445,445,0,00001eb4,0,0000ff90,6116,0000ffaa,54,
446,446,0,00001eb4,1,0000ff90,6116,0000ffaa,54,
447,447,0,00001eb4,0,0000ff90,6116,0000ffaa,54,
448,448,0,00001ea4,0,0000ff90,6116,0000ffaa,54,
449,449,0,00001ea8,0,0000ff90,6116,0000ffaa,52,
450,450,0,00001eac,0,0000ff90,6116,0000ffaa,52,
451,451,0,00001eb0,0,0000ff90,6116,0000ffaa,52,
452,452,0,00001eb4,1,0000ff90,6116,0000ffab,52,
453,453,0,00001eb4,0,0000ff90,6117,0000ffab,52,
454,454,0,00001eb4,1,0000ff90,6117,0000ffab,52,
455,455,0,00001eb4,0,0000ff90,6117,0000ffab,52,
456,456,0,00001ea4,0,0000ff90,6117,0000ffab,52,
457,457,0,00001ea8,0,0000ff90,6117,0000ffab,49,
458,458,0,00001eac,0,0000ff90,6117,0000ffab,49,
459,459,0,00001eb0,0,0000ff90,6117,0000ffab,49,
460,460,0,00001eb4,1,0000ff90,6117,0000ffac,49,
461,461,0,00001eb4,0,0000ff90,6118,0000ffac,49,
462,462,0,00001eb4,1,0000ff90,6118,0000ffac,49,
463,463,0,00001eb4,0,0000ff90,6118,0000ffac,49,
464,464,0,00001ea4,0,0000ff90,6118,0000ffac,49,
465,465,0,00001ea8,0,0000ff90,6118,0000ffac,0000004e,
466,466,0,00001eac,0,0000ff90,6118,0000ffac,0000004e,
467,467,0,00001eb0,0,0000ff90,6118,0000ffac,0000004e,
468,468,0,00001eb4,1,0000ff90,6118,0000ffad,0000004e,
469,469,0,00001eb4,0,0000ff90,6119,0000ffad,0000004e,
470,470,0,00001eb4,1,0000ff90,6119,0000ffad,0000004e,
471,471,0,00001eb4,0,0000ff90,6119,0000ffad,0000004e,
472,472,0,00001ea4,0,0000ff90,6119,0000ffad,0000004e,
473,473,0,00001ea8,0,0000ff90,6119,0000ffad,47,
474,474,0,00001eac,0,0000ff90,6119,0000ffad,47,
475,475,0,00001eb0,0,0000ff90,6119,0000ffad,47,
476,476,0,00001eb4,1,0000ff90,6119,0000ffae,47,
477,477,0,00001eb4,0,0000ff90,0000611a,0000ffae,47,
478,478,0,00001eb4,1,0000ff90,0000611a,0000ffae,47,
479,479,0,00001eb4,0,0000ff90,0000611a,0000ffae,47,
480,480,0,00001ea4,0,0000ff90,0000611a,0000ffae,47,
481,481,0,00001ea8,0,0000ff90,0000611a,0000ffae,0,
482,482,0,00001eb8,0,0000ff90,0000611a,0000ffae,0,
483,483,0,00001ebc,0,0000ff90,0000611a,0000ffae,0,
484,484,0,00001ec0,1,0000ff90,0000611a,0000ffae,0,
485,485,0,00001ec0,0,0000ff90,0000611a,0000ffae,0,
486,486,0,00001ec4,0,0000ff90,0000611a,0000ffae,0,
487,487,0,00004b84,0,0000ff90,0000611a,0000ffae,0,
488,488,0,00004b88,0,0000ff90,0000611a,0000ffae,0,
489,489,0,00004b8c,0,0000ff90,0000611a,0000ffae,0,
490,490,0,00004b90,0,0000ff90,0000611a,0000ffae,0,
491,491,0,00004b94,1,0000ff90,0000ff90,0000ffae,0,
492,492,0,00004b94,0,0000ff70,0000ff90,0000ffae,0,
493,493,0,00004b98,0,0000ff70,0000ff90,0000ffae,0,
494,494,0,1324,0,0000ff70,0000ff90,0000ffae,0,
495,495,0,1328,0,0000ff70,0000ff90,0000ffae,0,
496,496,0,0000132c,0,0000ff70,0000ff90,0000ffae,0,
497,497,0,1330,1,0000ff70,0000ff90,0000ffae,0,
498,498,0,1330,0,0000ff70,0000ff90,0000ffae,0,
499,499,0,1334,0,0000ff70,0000ff90,0000ffae,0,
500,500,0,1338,1,0000ff70,0000ff90,0000ffae,0,
501,501,0,1338,0,0000ff70,0000ff90,0000ffae,0,
502,502,0,0000133c,1,0000ff70,0000ff90,0000ffae,0,
503,503,0,0000133c,0,0000ff70,0000ff90,0000ffae,52,
504,504,0,1340,1,0000ff70,0000ff90,0000ffae,52,
505,505,0,1340,0,0000ff70,0000ff90,59,52,
506,506,0,1344,0,0000ff70,0000ff90,59,52,
507,507,0,1348,0,0000ff70,0000ff90,59,52,
508,508,0,0000134c,0,0000ff70,0000ff90,59,52,
509,509,0,0000134c,0,0000ff70,0000ff90,59,52,
510,510,0,1350,0,0000ff70,0000ff90,59,52,
511,511,0,1354,0,0000ff70,0000ff90,59,52,
512,512,1,00001fb0,0,0000ff70,0000ff90,59,52,
513,513,0,00001fb4,0,0000ff70,0000ff90,59,52,
514,514,0,00001fb8,0,0000ff70,0000ff90,59,52,
515,515,0,00001fbc,0,0000ff70,0000ff90,59,52,
516,516,0,00001fc0,0,0000ff6f,0000ff90,59,52,
517,517,0,00001fc0,0,0000ff6f,0000ff8f,59,52,
518,518,0,00001fc4,0,0000ff6f,0000ff8f,59,52,
519,519,0,00001fc8,0,0000ff6f,0000ff8f,59,52,
520,520,0,00001fcc,0,0000ff6f,0000ff8f,59,52,
521,521,0,00001fd0,1,0000ff70,0000ff8f,59,52,
522,522,0,00001fd0,0,0000ff70,0000ff90,59,52,
523,523,0,00001fd0,1,0000ff70,0000ff90,59,52,
524,524,0,00001fd0,0,0000ff70,0000ff90,59,44,
525,525,0,00001fd4,0,0000ff70,0000ff90,59,44,
526,526,0,00001fd8,0,0000ff70,0000ff90,44,44,
527,527,0,00001fbc,0,0000ff70,0000ff90,44,44,
528,528,0,00001fc0,0,0000ff70,0000ff90,44,44,
529,529,0,00001fc4,0,0000ff70,0000ff90,44,44,
530,530,0,00001fc8,0,0000ff70,0000ff90,44,44,
531,531,0,00001fcc,0,0000ff70,0000ff90,44,44,
532,532,0,00001fd0,1,0000ff71,0000ff90,44,44,
533,533,0,00001fd0,0,0000ff71,0000ff91,44,44,
534,534,0,00001fd0,1,0000ff71,0000ff91,44,44,
535,535,0,00001fd0,0,0000ff71,0000ff91,44,48,
536,536,0,00001fbc,0,0000ff71,0000ff91,44,48,
537,537,0,00001fc0,0,0000ff71,0000ff91,48,48,
538,538,0,00001fc4,0,0000ff71,0000ff91,48,48,
539,539,0,00001fc8,0,0000ff71,0000ff91,48,48,
540,540,0,00001fcc,0,0000ff71,0000ff91,48,48,
541,541,0,00001fd0,1,0000ff72,0000ff91,48,48,
542,542,0,00001fd0,0,0000ff72,0000ff92,48,48,
543,543,0,00001fd0,1,0000ff72,0000ff92,48,48,
544,544,0,00001fd0,0,0000ff72,0000ff92,48,52,
545,545,0,00001fbc,0,0000ff72,0000ff92,48,52,
546,546,0,00001fc0,0,0000ff72,0000ff92,52,52,
547,547,0,00001fc4,0,0000ff72,0000ff92,52,52,
548,548,0,00001fc8,0,0000ff72,0000ff92,52,52,
549,549,0,00001fcc,0,0000ff72,0000ff92,52,52,
550,550,0,00001fd0,1,0000ff73,0000ff92,52,52,
551,551,0,00001fd0,0,0000ff73,0000ff93,52,52,
552,552,0,00001fd0,1,0000ff73,0000ff93,52,52,
553,553,0,00001fd0,0,0000ff73,0000ff93,52,59,
554,554,0,00001fbc,0,0000ff73,0000ff93,52,59,
555,555,0,00001fc0,0,0000ff73,0000ff93,59,59,
556,556,0,00001fc4,0,0000ff73,0000ff93,59,59,
557,557,0,00001fc8,0,0000ff73,0000ff93,59,59,
558,558,0,00001fcc,0,0000ff73,0000ff93,59,59,
559,559,0,00001fd0,1,0000ff74,0000ff93,59,59,
560,560,0,00001fd0,0,0000ff74,0000ff94,59,59,
561,561,0,00001fd0,1,0000ff74,0000ff94,59,59,
562,562,0,00001fd0,0,0000ff74,0000ff94,59,53,
563,563,0,00001fbc,0,0000ff74,0000ff94,59,53,
564,564,0,00001fc0,0,0000ff74,0000ff94,53,53,
565,565,0,00001fc4,0,0000ff74,0000ff94,53,53,
566,566,0,00001fc8,0,0000ff74,0000ff94,53,53,
567,567,0,00001fcc,0,0000ff74,0000ff94,53,53,
568,568,0,00001fd0,1,0000ff75,0000ff94,53,53,
569,569,0,00001fd0,0,0000ff75,0000ff95,53,53,
570,570,0,00001fd0,1,0000ff75,0000ff95,53,53,
571,571,0,00001fd0,0,0000ff75,0000ff95,53,54,
572,572,0,00001fbc,0,0000ff75,0000ff95,53,54,
573,573,0,00001fc0,0,0000ff75,0000ff95,54,54,
574,574,0,00001fc4,0,0000ff75,0000ff95,54,54,
575,575,0,00001fc8,0,0000ff75,0000ff95,54,54,
576,576,0,00001fcc,0,0000ff75,0000ff95,54,54,
577,577,0,00001fd0,1,0000ff76,0000ff95,54,54,
578,578,0,00001fd0,0,0000ff76,0000ff96,54,54,
579,579,0,00001fd0,1,0000ff76,0000ff96,54,54,
580,580,0,00001fd0,0,0000ff76,0000ff96,54,0000004f,
581,581,0,00001fbc,0,0000ff76,0000ff96,54,0000004f,
582,582,0,00001fc0,0,0000ff76,0000ff96,0000004f,0000004f,
583,583,0,00001fc4,0,0000ff76,0000ff96,0000004f,0000004f,
584,584,0,00001fc8,0,0000ff76,0000ff96,0000004f,0000004f,
585,585,0,00001fcc,0,0000ff76,0000ff96,0000004f,0000004f,
586,586,0,00001fd0,1,0000ff77,0000ff96,0000004f,0000004f,
587,587,0,00001fd0,0,0000ff77,0000ff97,0000004f,0000004f,
588,588,0,00001fd0,1,0000ff77,0000ff97,0000004f,0000004f,
589,589,0,00001fd0,0,0000ff77,0000ff97,0000004f,0000004e,
590,590,0,00001fbc,0,0000ff77,0000ff97,0000004f,0000004e,
591,591,0,00001fc0,0,0000ff77,0000ff97,0000004e,0000004e,
592,592,0,00001fc4,0,0000ff77,0000ff97,0000004e,0000004e,
593,593,0,00001fc8,0,0000ff77,0000ff97,0000004e,0000004e,
594,594,0,00001fcc,0,0000ff77,0000ff97,0000004e,0000004e,
595,595,0,00001fd0,1,0000ff78,0000ff97,0000004e,0000004e,
596,596,0,00001fd0,0,0000ff78,0000ff98,0000004e,0000004e,
597,597,0,00001fd0,1,0000ff78,0000ff98,0000004e,0000004e,
598,598,0,00001fd0,0,0000ff78,0000ff98,0000004e,45,
599,599,0,00001fbc,0,0000ff78,0000ff98,0000004e,45,
600,600,0,00001fc0,0,0000ff78,0000ff98,45,45,
601,601,0,00001fc4,0,0000ff78,0000ff98,45,45,
602,602,0,00001fc8,0,0000ff78,0000ff98,45,45,
603,603,0,00001fcc,0,0000ff78,0000ff98,45,45,
604,604,0,00001fd0,1,0000ff79,0000ff98,45,45,
605,605,0,00001fd0,0,0000ff79,0000ff99,45,45,
606,606,0,00001fd0,1,0000ff79,0000ff99,45,45,
607,607,0,00001fd0,0,0000ff79,0000ff99,45,20,
608,608,0,00001fbc,0,0000ff79,0000ff99,45,20,
609,609,0,00001fc0,0,0000ff79,0000ff99,20,20,
610,610,0,00001fc4,0,0000ff79,0000ff99,20,20,
611,611,0,00001fc8,0,0000ff79,0000ff99,20,20,
612,612,0,00001fcc,0,0000ff79,0000ff99,20,20,
613,613,0,00001fd0,1,0000ff7a,0000ff99,20,20,
614,614,0,00001fd0,0,0000ff7a,0000ff9a,20,20,
615,615,0,00001fd0,1,0000ff7a,0000ff9a,20,20,
616,616,0,00001fd0,0,0000ff7a,0000ff9a,20,50,
617,617,0,00001fbc,0,0000ff7a,0000ff9a,20,50,
618,618,0,00001fc0,0,0000ff7a,0000ff9a,50,50,
619,619,0,00001fc4,0,0000ff7a,0000ff9a,50,50,
620,620,0,00001fc8,0,0000ff7a,0000ff9a,50,50,
621,621,0,00001fcc,0,0000ff7a,0000ff9a,50,50,
622,622,0,00001fd0,1,0000ff7b,0000ff9a,50,50,
623,623,0,00001fd0,0,0000ff7b,0000ff9b,50,50,
624,624,0,00001fd0,1,0000ff7b,0000ff9b,50,50,
625,625,0,00001fd0,0,0000ff7b,0000ff9b,50,52,
626,626,0,00001fbc,0,0000ff7b,0000ff9b,50,52,
627,627,0,00001fc0,0,0000ff7b,0000ff9b,52,52,
628,628,0,00001fc4,0,0000ff7b,0000ff9b,52,52,
629,629,0,00001fc8,0,0000ff7b,0000ff9b,52,52,
630,630,0,00001fcc,0,0000ff7b,0000ff9b,52,52,
631,631,0,00001fd0,1,0000ff7c,0000ff9b,52,52,
632,632,0,00001fd0,0,0000ff7c,0000ff9c,52,52,
633,633,0,00001fd0,1,0000ff7c,0000ff9c,52,52,
634,634,0,00001fd0,0,0000ff7c,0000ff9c,52,0000004f,
635,635,0,00001fbc,0,0000ff7c,0000ff9c,52,0000004f,
636,636,0,00001fc0,0,0000ff7c,0000ff9c,0000004f,0000004f,
637,637,0,00001fc4,0,0000ff7c,0000ff9c,0000004f,0000004f,
638,638,0,00001fc8,0,0000ff7c,0000ff9c,0000004f,0000004f,
639,639,0,00001fcc,0,0000ff7c,0000ff9c,0000004f,0000004f,
640,640,0,00001fd0,1,0000ff7d,0000ff9c,0000004f,0000004f,
641,641,0,00001fd0,0,0000ff7d,0000ff9d,0000004f,0000004f,
642,642,0,00001fd0,1,0000ff7d,0000ff9d,0000004f,0000004f,
643,643,0,00001fd0,0,0000ff7d,0000ff9d,0000004f,47,
644,644,0,00001fbc,0,0000ff7d,0000ff9d,0000004f,47,
645,645,0,00001fc0,0,0000ff7d,0000ff9d,47,47,
646,646,0,00001fc4,0,0000ff7d,0000ff9d,47,47,
647,647,0,00001fc8,0,0000ff7d,0000ff9d,47,47,
648,648,0,00001fcc,0,0000ff7d,0000ff9d,47,47,
649,649,0,00001fd0,1,0000ff7e,0000ff9d,47,47,
650,650,0,00001fd0,0,0000ff7e,0000ff9e,47,47,
651,651,0,00001fd0,1,0000ff7e,0000ff9e,47,47,
652,652,0,00001fd0,0,0000ff7e,0000ff9e,47,52,
653,653,0,00001fbc,0,0000ff7e,0000ff9e,47,52,
654,654,0,00001fc0,0,0000ff7e,0000ff9e,52,52,
655,655,0,00001fc4,0,0000ff7e,0000ff9e,52,52,
656,656,0,00001fc8,0,0000ff7e,0000ff9e,52,52,
657,657,0,00001fcc,0,0000ff7e,0000ff9e,52,52,
658,658,0,00001fd0,1,0000ff7f,0000ff9e,52,52,
659,659,0,00001fd0,0,0000ff7f,0000ff9f,52,52,
660,660,0,00001fd0,1,0000ff7f,0000ff9f,52,52,
661,661,0,00001fd0,0,0000ff7f,0000ff9f,52,41,
662,662,0,00001fbc,0,0000ff7f,0000ff9f,52,41,
663,663,0,00001fc0,0,0000ff7f,0000ff9f,41,41,
664,664,0,00001fc4,0,0000ff7f,0000ff9f,41,41,
665,665,0,00001fc8,0,0000ff7f,0000ff9f,41,41,
666,666,0,00001fcc,0,0000ff7f,0000ff9f,41,41,
667,667,0,00001fd0,1,0000ff80,0000ff9f,41,41,
668,668,0,00001fd0,0,0000ff80,0000ffa0,41,41,
669,669,0,00001fd0,1,0000ff80,0000ffa0,41,41,
670,670,0,00001fd0,0,0000ff80,0000ffa0,41,0000004d,
671,671,0,00001fbc,0,0000ff80,0000ffa0,41,0000004d,
672,672,0,00001fc0,0,0000ff80,0000ffa0,0000004d,0000004d,
673,673,0,00001fc4,0,0000ff80,0000ffa0,0000004d,0000004d,
674,674,0,00001fc8,0,0000ff80,0000ffa0,0000004d,0000004d,
675,675,0,00001fcc,0,0000ff80,0000ffa0,0000004d,0000004d,
676,676,0,00001fd0,1,0000ff81,0000ffa0,0000004d,0000004d,
677,677,0,00001fd0,0,0000ff81,0000ffa1,0000004d,0000004d,
678,678,0,00001fd0,1,0000ff81,0000ffa1,0000004d,0000004d,
679,679,0,00001fd0,0,0000ff81,0000ffa1,0000004d,0000002c,
680,680,0,00001fbc,0,0000ff81,0000ffa1,0000004d,0000002c,
681,681,0,00001fc0,0,0000ff81,0000ffa1,0000002c,0000002c,
682,682,0,00001fc4,0,0000ff81,0000ffa1,0000002c,0000002c,
683,683,0,00001fc8,0,0000ff81,0000ffa1,0000002c,0000002c,
684,684,0,00001fcc,0,0000ff81,0000ffa1,0000002c,0000002c,
685,685,0,00001fd0,1,0000ff82,0000ffa1,0000002c,0000002c,
686,686,0,00001fd0,0,0000ff82,0000ffa2,0000002c,0000002c,
687,687,0,00001fd0,1,0000ff82,0000ffa2,0000002c,0000002c,
688,688,0,00001fd0,0,0000ff82,0000ffa2,0000002c,20,
689,689,0,00001fbc,0,0000ff82,0000ffa2,0000002c,20,
690,690,0,00001fc0,0,0000ff82,0000ffa2,20,20,
691,691,0,00001fc4,0,0000ff82,0000ffa2,20,20,
692,692,0,00001fc8,0,0000ff82,0000ffa2,20,20,
693,693,0,00001fcc,0,0000ff82,0000ffa2,20,20,
694,694,0,00001fd0,1,0000ff83,0000ffa2,20,20,
695,695,0,00001fd0,0,0000ff83,0000ffa3,20,20,
696,696,0,00001fd0,1,0000ff83,0000ffa3,20,20,
697,697,0,00001fd0,0,0000ff83,0000ffa3,20,31,
698,698,0,00001fbc,0,0000ff83,0000ffa3,20,31,
699,699,0,00001fc0,0,0000ff83,0000ffa3,32,31,
700,700,0,00001fd4,0,0000ff83,0000ffa3,32,31,
701,701,0,00001fd8,0,0000ff83,0000ffa3,32,31,
702,702,0,00001fdc,0,0000ff83,0000ffa3,32,31,
703,703,0,00001fe0,0,0000ff83,0000ffa3,32,31,
704,704,0,00001fe4,0,ffffffff,0000ffa3,32,31,
705,705,0,1350,0,ffffffff,0000ffa3,32,31,
706,706,0,1354,0,ffffffff,0000ffa3,32,31,
707,707,0,1358,0,ffffffff,0000ffa3,32,31,
708,708,0,0000135c,0,ffffffff,0000ffa3,32,31,
709,709,0,1368,0,ffffffff,0000ffa3,32,0,
710,710,0,0000136c,0,ffffffff,0000ffa3,32,0,
711,711,0,1370,1,ffffffff,0000ffa3,32,0,
712,712,0,1370,0,ffffffff,0000ffa3,32,0,
713,713,0,1374,0,ffffffff,0000ffa3,32,0,
714,714,0,1378,0,ffffffff,0000ffa3,32,0,
715,715,0,0000137c,0,0,0000ffa3,32,0,
716,716,0,00004b94,0,0,0000ffa3,32,0,
717,717,0,00004b98,0,0,0000ffa3,32,0,
718,718,0,00004b9c,0,0,0000ffa3,32,0,
719,719,0,00004ba0,0,0,0000ffa3,32,0,
720,720,0,00004ba4,0,0,0000ffa3,32,1,
721,721,0,00004ba8,1,0,0000ffa3,32,1,
722,722,0,00004ba8,0,0,3,32,1,
723,723,0,00004bac,0,0,3,32,1,
724,724,0,00004bb0,0,0,3,32,1,
725,725,0,00004bb4,1,2,3,32,1,
726,726,0,00004bb4,0,2,3,32,7,
727,727,0,00004bb8,0,2,3,32,7,
728,728,0,1288,0,2,3,32,7,
729,729,0,0000128c,0,2,3,32,7,
730,730,0,1290,0,2,3,32,7,
731,731,0,1294,0,2,3,32,7,
732,732,0,1298,1,4,3,32,7,
733,733,0,1298,0,4,7,32,7,
734,734,0,0000129c,0,4,7,32,7,
735,735,0,00004bb4,0,4,7,32,7,
736,736,0,00004bb8,0,4,7,32,7,
737,737,0,00004bbc,1,4,7,32,7,
738,738,0,00004bbc,0,4,7,32,7,
739,739,0,00004bc0,0,4,7,32,7,
740,740,0,00004bc4,0,4,7,32,7,
741,741,0,00004bc8,0,4,7,32,7,
742,742,0,00004bcc,0,4,00006a10,32,7,
743,743,0,1298,0,9138,00006a10,32,7,
744,744,0,0000129c,0,9138,00006a10,32,7,
745,745,0,000012a0,0,9138,00006a10,32,7,
746,746,0,000012a4,0,9138,00006a10,32,7,
747,747,0,000012a4,0,9138,00006a10,8,7,
748,748,0,000012a4,0,9138,00006a10,8,7,
749,749,0,000012a4,0,9138,00006a10,8,7,
750,750,0,000012a4,0,9138,00006a10,8,7,
751,751,0,000012a4,0,9138,00006a10,8,7,
752,752,0,000012a4,0,9138,00006a10,8,7,
753,753,0,000012a4,0,9138,00006a10,8,7,
754,754,0,000012a8,0,9138,00006a10,8,7,
755,755,0,000012ac,0,9138,00006a10,8,7,
756,756,0,000012b0,0,9138,00006a10,8,7,
757,757,0,000012b4,0,9138,00006a10,8,7,
758,758,0,000012b8,1,9138,00006a10,8,20,
759,759,0,000012b8,0,9158,00006a10,8,20,
760,760,0,000012bc,1,9158,00006a10,8,20,
761,761,0,000012bc,0,9158,00006a10,8,20,
762,762,0,000012c0,1,9158,00006a10,8,20,
763,763,0,000012c0,0,9158,00006a10,8,20,
764,764,0,000012c4,0,9158,00006a10,8,20,
765,765,0,000012c8,0,9158,00006a10,8,20,
766,766,0,000012cc,1,9158,00006a10,8,0000064c,
767,767,0,000012cc,0,9158,00006a10,8,0000705c,
768,768,0,000012d0,1,9158,00006a10,8,0000705c,
769,769,0,000012d0,0,9158,00006a10,8,0000705c,
770,770,0,000012d4,1,9158,00006a10,8,0000705c,
771,771,0,000012d4,0,9158,00006a10,8,0000705c,
772,772,0,000012d8,0,9158,00006a10,8,0000705c,
773,773,0,000012dc,1,9158,00006a10,8,0000705c,
774,774,0,000012dc,0,9158,00006a10,0000000b,0000705c,
775,775,0,1.20E+01,1,9158,00006a10,0000000b,0000705c,
776,776,0,1.20E+01,0,9158,00006a10,0000000b,0000705c,
777,777,0,1.20E+05,0,9158,00006a10,0000000b,0000705c,
778,778,0,1.20E+09,0,9158,00006a10,0000000b,7,
779,779,0,000012ec,0,9158,7050,0000000b,7,
780,780,0,000012f0,0,9158,0000705c,0000000b,7,
781,781,0,000012f4,1,9158,0000705c,0000000b,7,
782,782,0,000012f4,0,9158,0000805c,0000000b,7,
783,783,0,000012f8,0,9158,0000805c,0000000b,7,
784,784,0,000012fc,0,9158,0000805c,0000000b,7,
785,785,0,1300,1,9158,0000805c,5,7,
786,786,0,1300,0,9158,0000805c,5,9000,
787,787,0,1304,0,9158,0000805c,5,9000,
788,788,0,00004bc8,0,9158,0000805c,5,9000,
789,789,0,00004bcc,0,9158,0000805c,5,9000,
790,790,0,00004bd0,1,9158,0000805c,5,9000,
791,791,0,00004bd0,0,9158,0000805c,5,9000,
792,792,0,00004bd4,0,9158,0000805c,5,9000,
793,793,0,0000108c,0,0000a038,0000805c,5,9000,
794,794,0,1090,0,0000a038,0000805c,5,9000,
795,795,0,1094,0,0000a038,0000805c,5,9000,
796,796,0,1098,1,0000a038,0000805c,5,9000,
797,797,0,1098,0,0000a038,0000805c,5,9000,
798,798,0,0000109c,0,0000a038,0000805c,5,9000,
799,799,0,000010a0,1,0000a038,0000805c,5,9000,
800,800,0,000010a0,0,0000a038,0000805c,5,9000,
801,801,0,000010a4,1,0000a038,0000805c,5,9000,
802,802,0,000010a4,0,0000a038,0000805c,5,0000a038,
803,803,0,000010a8,1,0000a038,0000805c,5,0000a038,
804,804,0,000010a8,0,0000a038,0000805c,5,0000a038,
805,805,0,000010ac,1,0000a038,0000805c,5,0000a038,
806,806,0,000010ac,0,0000a038,0000805c,5,0000a038,
807,807,0,000010b0,1,0000a038,0000805c,5,0000a038,
808,808,0,000010b0,0,0000a038,0000805c,0000a004,0000a038,
809,809,0,000010b4,1,0000a038,0000805c,0000a004,0000a038,
810,810,0,000010b4,0,0000a038,0000805c,0000a004,0000a038,
811,811,0,000010b8,1,0000a038,0000805c,0000a004,0000a038,
812,812,0,000010b8,0,0000a038,0000805c,0000a004,0000a038,
813,813,0,000010bc,1,0000a038,0000805c,0000a004,0000a038,
814,814,0,000010bc,0,0000a038,0000805c,0000a004,0000a038,
815,815,0,000010c0,1,0000a038,0000805c,0000a004,0000a038,
816,816,0,000010c0,0,0000a038,0000805c,0000a004,0000a038,
817,817,0,000010c4,1,0000a038,0000805c,0000a004,0000a038,
818,818,0,000010c4,0,0000a038,0000805c,0000a004,0000a038,
819,819,0,000010c8,1,0000a038,0000805c,0000a004,0000a038,
820,820,0,000010c8,0,0000a038,0000805c,0000a004,0000a038,
821,821,0,000010cc,1,0000a038,0000805c,0000a004,0000a038,
822,822,0,000010cc,0,0000a038,53202c4d,0000a004,0000a038,
823,823,0,000010d0,1,0000a038,53202c4d,0000a004,0000a038,
824,824,0,000010d0,0,0000a038,53202c4d,0000a004,0000a038,
825,825,0,000010d4,1,0000a038,53202c4d,0000a004,0000a038,
826,826,0,000010d4,0,0000a038,53202c4d,0000a004,0000a038,
827,827,0,000010d8,0,0000a038,53202c4d,0000a004,0000a038,
828,828,0,000010dc,1,0000a038,53202c4d,0000a004,0000a038,
829,829,0,000010dc,0,0000a038,53202c4d,0000a004,0000a038,
830,830,0,1.00E+01,1,0000a038,53202c4d,0000a004,0000a038,
831,831,0,1.00E+01,0,4152474f,53202c4d,0000a004,0000a038,
832,832,0,1.00E+05,1,4152474f,53202c4d,0000a004,0000a038,
833,833,0,1.00E+05,0,4152474f,53202c4d,0000a004,0000474e,
834,834,0,1.00E+09,1,4152474f,53202c4d,0000a004,0000474e,
835,835,0,1.00E+09,0,4152474f,53202c4d,0000a004,0000474e,
836,836,0,000010ec,1,4152474f,53202c4d,0000a004,0000474e,
837,837,0,000010ec,0,4152474f,53202c4d,0000a004,0000474e,
838,838,0,000010f0,1,4152474f,53202c4d,0000a004,0000474e,
839,839,0,000010f0,0,4152474f,53202c4d,0000a004,0000474e,
840,840,0,000010f4,1,4152474f,53202c4d,0000a004,0000474e,
841,841,0,000010f4,0,4152474f,53202c4d,0000a004,0000474e,
842,842,0,000010f8,0,4152474f,53202c4d,0000a004,0000474e,
843,843,0,000010fc,1,4152474f,53202c4d,0000a004,0000474e,
844,844,0,000010fc,0,4152474f,53202c4d,0000a004,5,
845,845,0,1100,1,4152474f,53202c4d,0000a004,5,
846,846,0,1100,0,4152474f,53202c4d,0000a004,5,
847,847,0,1104,1,4152474f,53202c4d,0000a004,5,
848,848,0,1104,0,4152474f,53202c4d,0000a004,5,
849,849,0,1108,1,4152474f,53202c4d,0000a004,5,
850,850,0,1108,0,4152474f,53202c4d,0000a004,5,
851,851,0,0000110c,1,4152474f,53202c4d,0000a004,5,
852,852,0,0000110c,0,4152474f,53202c4d,0000a004,5,
853,853,0,1110,1,4152474f,53202c4d,0000a004,5,
854,854,0,1110,0,4152474f,53202c4d,0000a004,5,
855,855,0,1114,1,4152474f,53202c4d,0000a004,5,
856,856,0,1114,0,4152474f,53202c4d,0000a004,5,
857,857,0,1118,1,4152474f,53202c4d,0000a004,5,
858,858,0,1118,0,4152474f,53202c4d,0000a004,5,
859,859,0,0000111c,1,4152474f,53202c4d,0000a004,5,
860,860,0,0000111c,0,4152474f,53202c4d,0000a004,5,
861,861,0,1120,1,4152474f,53202c4d,0000a004,5,
862,862,0,1120,0,4152474f,53202c4d,0000a004,5,
863,863,0,1124,0,4152474f,53202c4d,0000a004,5,
864,864,0,1128,0,4152474f,53202c4d,0000a004,5,
865,865,0,1060,0,0000a004,53202c4d,0000a004,5,
866,866,0,1064,0,0000a004,53202c4d,0000a004,5,
867,867,0,1068,0,0000a004,53202c4d,0000a004,5,
868,868,0,1068,1,0000a004,53202c4d,0000a004,5,
869,869,0,1068,0,0000a004,53202c4d,0000a004,9000,
870,870,0,0000106c,0,0000a004,53202c4d,0000a004,9000,
871,871,0,1070,0,0000a004,53202c4d,0000a004,9000,
872,872,0,1070,1,0000a004,53202c4d,0000a004,9000,
873,873,0,1070,0,0000a004,53202c4d,0000a004,9000,
874,874,0,1074,0,0000a004,53202c4d,0000a004,9000,
875,875,0,1078,1,0000a004,53202c4d,0000a004,9000,
876,876,0,1078,0,0000a004,53202c4d,0000a004,9000,
877,877,0,0000107c,1,0000a004,53202c4d,0000a004,9000,
878,878,0,0000107c,0,0000a004,53202c4d,0000a004,9000,
879,879,0,1080,0,0000a004,53202c4d,0000a004,9000,
880,880,0,1084,1,0000a004,53202c4d,0000a004,9000,
881,881,0,1084,0,0000a004,53202c4d,0000a004,9000,
882,882,0,1088,0,0000a004,53202c4d,0000a004,9000,
883,883,0,0000108c,0,0000a004,5,0000a004,9000,
884,884,0,1090,0,0000a004,5,0000a004,9000,
885,885,0,1288,0,0000000a,5,0000a004,9000,
886,886,0,0000128c,0,0000000a,5,0000a004,9000,
887,887,0,1290,0,0000000a,5,0000a004,9000,
888,888,0,1294,0,0000000a,5,0000a004,9000,
889,889,0,1298,1,0000000c,5,0000a004,9000,
890,890,0,1298,0,0000000c,11,0000a004,9000,
891,891,0,0000129c,0,0000000c,11,0000a004,9000,
892,892,0,1124,0,0000000c,11,0000a004,9000,
893,893,0,1128,0,0000000c,11,0000a004,9000,
894,894,0,1128,1,0000000c,11,0000a004,9000,
895,895,0,1128,0,0000000c,11,0000a004,9000,
896,896,0,0000112c,0,0000000c,11,0000a004,9000,
897,897,0,1130,0,0000000c,11,0000a004,0,
898,898,0,000011a8,0,0000000c,11,0000a004,0,
899,899,0,000011ac,0,0000000c,11,0000a004,0,
900,900,0,000011b0,1,0000000c,11,0000a004,0,
901,901,0,000011b0,0,0000000c,11,0000a004,0,
902,902,0,000011b4,0,0000000c,11,0000a004,0,
903,903,0,000011b8,0,2,11,0000a004,0,
904,904,0,000011bc,1,2,11,0000a004,6,
905,905,0,000011bc,0,2,0000a00c,0000a004,6,
906,906,0,000011c0,0,2,0000a00c,0000a004,6,
907,907,0,1234,0,2,0000a00c,0000a004,6,
908,908,0,1238,0,2,0000a00c,0000a004,6,
909,909,0,0000123c,0,2,0000a00c,0000a004,6,
910,910,0,1240,0,2,0000a00c,0000a004,6,
911,911,0,1264,0,2,0000a00c,0000a004,2,
912,912,0,1268,0,2,0000a00c,0000a004,2,
913,913,0,0000126c,0,2,0000a00c,0000a004,2,
914,914,0,1270,1,2,0000a00c,0000a004,2,
915,915,0,1270,0,2,0000a00c,0000a004,1,
916,916,0,1274,0,2,0000a00c,0000a004,1,
917,917,0,000011bc,0,2,0000a00c,0000a004,1,
918,918,0,000011c0,0,2,0000a00c,0000a004,1,
919,919,0,000011c4,1,2,0000a00c,0000a004,1,
920,920,0,000011c4,0,2,0000a00c,0000a004,1,
921,921,0,000011c8,1,2,0000a00c,0000a004,1,
922,922,0,000011c8,0,2,0000a00c,0000a004,0000a038,
923,923,0,000011cc,0,2,0000a00c,0000a004,0000a038,
924,924,0,000011d0,1,6,0000a00c,0000a004,0000a038,
925,925,0,000011d0,0,6,0000a00c,0000a004,0000a038,
926,926,0,000011d4,1,6,0000a00c,0000a004,0000a038,
927,927,0,000011d4,0,6,0000a00c,0000a004,0000a004,
928,928,0,000011d8,1,6,0000a00c,0000a004,0000a004,
929,929,0,000011d8,0,6,0000a00c,0000a004,0000a004,
930,930,0,000011dc,1,6,0000a00c,0000a004,0000a004,
931,931,0,000011dc,0,6,0000a00c,0000a004,0000a004,
932,932,0,1.10E+01,1,6,0000a00c,0000a004,0000a004,
933,933,0,1.10E+01,0,6,0000a00c,0000a004,0000a004,
934,934,0,1.10E+05,1,6,0000a00c,0000a004,0000a004,
935,935,0,1.10E+05,0,6,0000a00c,0000a004,0000a004,
936,936,0,1.10E+09,0,6,0000a00c,0000a004,0000a004,
937,937,0,000011ec,0,6,0000a00c,0000a004,0000a004,
938,938,0,000011f0,0,6,0000000a,0000a004,0000a004,
939,939,0,1288,0,6,0000000a,0000a004,0000a004,
940,940,0,0000128c,0,6,0000000a,0000a004,0000a004,
941,941,0,1290,0,6,0000000a,0000a004,0000a004,
942,942,0,1294,0,6,0000000a,0000a004,0000a004,
943,943,0,1298,1,8,0000000a,0000a004,0000a004,
944,944,0,1298,0,8,12,0000a004,0000a004,
945,945,0,0000129c,0,8,12,0000a004,0000a004,
946,946,0,00004bd0,0,8,12,0000a004,0000a004,
947,947,0,00004bd4,0,8,12,0000a004,0000a004,
948,948,0,00004bd8,1,8,12,0000a004,0000a004,
949,949,0,00004bd8,0,8,12,0000a004,0000a004,
950,950,0,00004bdc,0,8,12,0000a004,0000a004,
951,951,0,00004be0,0,8,12,42,0000a004,
952,952,0,00004be4,0,8,12,42,40,
953,953,0,00004be8,0,8,12,42,40,
954,954,0,00004bec,0,8,12,42,40,
955,955,0,00004bf8,0,8,12,42,40,
956,956,0,00004bfc,0,8,12,42,40,
957,957,0,00004c00,0,8,12,42,40,
958,958,0,00004c04,0,8,12,42,40,
959,959,0,00004c08,0,8,43,42,40,
960,960,0,1300,0,41,43,42,40,
961,961,0,1304,0,41,43,42,40,
962,962,0,1308,0,41,43,42,40,
963,963,0,0000130c,0,41,43,42,40,
964,964,0,1310,0,41,43,42,40,
965,965,0,1314,0,41,43,42,40,
966,966,0,1318,0,41,43,42,40,
967,967,0,00004c04,0,0,43,42,40,
968,968,0,00004c08,0,0,43,42,40,
969,969,0,00004c08,1,0,43,42,40,
970,970,0,00004c08,0,0,43,42,40,
971,971,0,00004c0c,0,0,43,42,40,
972,972,0,00004c10,0,0,43,1,40,
973,973,0,00004be8,0,0,43,1,40,
974,974,0,00004bec,0,0,43,1,40,
975,975,0,00004bf0,1,0,43,1,40,
976,976,0,00004bf0,0,0,43,1,40,
977,977,0,00004bf4,0,0,43,1,40,
978,978,0,00004bf8,0,0,43,42,40,
979,979,0,00004bfc,0,0,43,42,42,
980,980,0,00004c00,0,0,43,42,42,
981,981,0,1300,0,0,43,42,42,
982,982,0,1304,0,0,43,42,42,
983,983,0,1308,0,42,43,42,42,
984,984,0,0000130c,0,42,43,42,42,
985,985,0,1310,0,42,43,42,42,
986,986,0,1314,0,42,43,42,42,
987,987,0,1318,0,42,43,42,42,
988,988,0,00004c04,0,0,43,42,42,
989,989,0,00004c08,0,0,43,42,42,
990,990,0,00004c08,1,0,43,42,42,
991,991,0,00004c08,0,0,43,42,42,
992,992,0,00004be8,0,0,43,42,42,
993,993,0,00004bec,0,0,43,1,42,
994,994,0,00004bf0,1,0,43,1,42,
995,995,0,00004bf0,0,0,43,1,42,
996,996,0,00004bf4,0,0,43,1,42,
997,997,0,00004bf8,0,0,43,42,42,
998,998,0,00004bfc,0,0,43,42,43,
999,999,0,00004c3c,0,0,43,42,43,
1000,1000,0,00004c40,0,0,43,42,43,
1001,1001,0,00004c44,0,0,43,42,43,
1002,1002,0,00004c48,0,0,43,42,43,
1003,1003,0,00004c4c,1,0,43,42,6,
1004,1004,0,00004c4c,0,0,43,42,6,
1005,1005,0,00004c50,1,0,43,42,6,
1006,1006,0,00004c50,0,0,43,42,6,
1007,1007,0,00004c54,0,0,43,42,6,
1008,1008,0,00004c54,0,0,43,41,6,
1009,1009,0,00004c54,0,0,43,41,6,
1010,1010,0,00004c54,0,0,43,41,6,
1011,1011,0,00004c54,0,0,43,41,6,
1012,1012,0,00004c54,0,0,43,41,6,
1013,1013,0,00004c54,0,0,43,41,6,
1014,1014,0,00004c54,0,0,43,41,6,
1015,1015,0,00004c54,0,0,43,41,6,
1016,1016,0,00004c54,0,0,43,41,6,
1017,1017,0,00004c54,0,0,43,41,6,
1018,1018,0,00004c54,0,0,43,41,6,
1019,1019,0,00004c54,0,0,43,41,6,
1020,1020,0,00004c54,0,0,43,41,6,
1021,1021,0,00004c54,0,0,43,41,6,
1022,1022,0,00004c54,0,0,43,41,6,
1023,1023,0,00004c54,0,0,43,41,6,
